Date,momentum_6mo,nifty,ew_88
2016-03-31,0.917728990930986,1.107534653394494,0.8418883153990354
2016-04-30,0.9269744341246244,1.123478435104944,0.8683872213821223
2016-05-31,0.9484995936765496,1.1678891663863862,0.8854761478698735
2016-06-30,1.0183275947178403,1.1861586792709369,0.9390736618781383
2016-07-31,1.1233650254000873,1.2363586921519096,1.0017420557390861
2016-08-31,1.1666686717810617,1.2574977995005048,1.0304392012509036
2016-09-30,1.1662374057266256,1.2324443076835003,1.0195866031377558
2016-10-31,1.2094165556157426,1.2362871311927066,1.0396690405197113
2016-11-30,1.1969767466146397,1.1771062179317453,0.996557149601302
2016-12-31,1.1091577359157665,1.1715673996894256,0.9621191431308168
2017-01-31,1.232769722835431,1.2253096800509513,1.0372074518988088
2017-02-28,1.2734696994893095,1.2708653866796433,1.0920656861972977
2017-03-31,1.309909905970821,1.3129646989788253,1.1247183928623525
2017-04-30,1.3432974159158202,1.3316134849471521,1.1614427812158317
2017-05-31,1.3574057199034946,1.377011757465597,1.1761316757448812
2017-06-30,1.3752315110004758,1.3626494729535352,1.1814244336043236
2017-07-31,1.4501302202601667,1.4422538839710604,1.2483494301657514
2017-08-31,1.4518676308832492,1.4194688745607942,1.2450425469493025
2017-09-30,1.4534040541645374,1.4009632105108734,1.234878164034783
2017-10-31,1.546280268287454,1.4792079633035395,1.3467585501796993
2017-11-30,1.573810770689772,1.463643454676866,1.3452387347417387
2017-12-31,1.6980500274599635,1.5071739861601103,1.403230000900184
2018-01-31,1.6685979589696283,1.578305579607989,1.4117216419138077
2018-02-28,1.6299834583701245,1.501756821548436,1.35474741462046
2018-03-31,1.5654035176968217,1.4474921461847274,1.2853803992261779
2018-04-30,1.7129987806203661,1.5370363744355628,1.3703063303514609
2018-05-31,1.6893265180393897,1.536578384296663,1.3179990017832879
2018-06-30,1.6812847407938323,1.5334511703794875,1.2823888738095028
2018-07-31,1.7667530374410005,1.6253640663799458,1.3847013498843688
2018-08-31,1.871889414039805,1.6717355679435526,1.4611376247177827
2018-09-30,1.7268108565615634,1.5643869730429867,1.313892020422779
2018-10-31,1.6770428226723146,1.486550117717778,1.3097953906167408
2018-11-30,1.6978129170668033,1.5567013260245741,1.3615907189850849
2018-12-31,1.6888540895798787,1.5546689947832062,1.3893380411636749
2019-01-31,1.6877679403181902,1.5501463421615707,1.3320210854436927
2019-02-28,1.684888143142535,1.5446433043988523,1.3361309105258798
2019-03-31,1.80545835421547,1.6559205959596686,1.4478290058057015
2019-04-30,1.7362877238132635,1.681417765723732,1.444618116237264
2019-05-31,1.8151868682911576,1.7064140087733735,1.465948603078823
2019-06-30,1.8398208548948278,1.687242827802864,1.464529209404927
2019-07-31,1.6845734098744478,1.5912294888400684,1.3560939743714038
2019-08-31,1.68860804410923,1.5776686870710814,1.3384667345848364
2019-09-30,1.8153125946222513,1.6422452966559564,1.41221113353485
2019-10-31,1.8981645336407214,1.6999234297736527,1.5012248505086243
2019-11-30,1.9441700087465665,1.7254850044009988,1.5283796372382854
2019-12-31,1.9614518531255443,1.7415719080298555,1.5391258573627393
2020-01-31,2.025968183667341,1.7120387001667372,1.5449155091166948
2020-02-29,1.847645891675354,1.6032159495065874,1.42394915873076
2020-03-31,1.3893415110006084,1.2305264739768573,1.0689656616963643
2020-04-30,1.624513881506921,1.4111678032932353,1.2159398681560725
2020-05-31,1.6510225795764137,1.3711509149068632,1.2073769027185792
2020-06-30,1.7343368741230965,1.4744563156124546,1.3374245024693066
2020-07-31,1.871174848822089,1.5848534073750724,1.409505316915591
2020-08-31,1.8958115778670515,1.6298008458505375,1.4952531135544946
2020-09-30,2.0045616189992597,1.6097709333695907,1.4755498343986242
2020-10-31,2.0124797565350705,1.6662826228522765,1.4755498343986242
2020-11-30,2.34828783182996,1.8561410037140138,1.7152523394490868
2020-12-31,2.521602921615537,2.0010948826758073,1.8767068709799248
2021-01-31,2.5054988186821765,1.951410108701097,1.8992498197202676
2021-02-28,3.0435266449022484,2.0794398208113583,2.1142127148786956
2021-03-31,3.1873297067013233,2.102561166729879,2.1583815366727865
2021-04-30,3.380279949571425,2.0940311003928698,2.1988293583360226
2021-05-31,3.6634634304190286,2.2302402301400446,2.388277526975692
2021-06-30,3.711837095132305,2.2500912402229836,2.4468716045880283
2021-07-31,3.781110886758907,2.2560379559327606,2.4797710861510236
2021-08-31,4.068451991842454,2.4519933305186017,2.6462507530877164
2021-09-30,4.002860160031925,2.521543426768092,2.750853619796507
2021-10-31,4.107129781044753,2.5292004494028233,2.811206324375766
2021-11-30,4.041814881319942,2.430668164676079,2.7379122740798056
2021-12-31,4.1125911511044375,2.483744928117016,2.8015122614158323
2022-01-31,4.05836717357062,2.481712596875648,2.8427946323144306
2022-02-28,3.8736430141414804,2.4035751855217864,2.766341524315465
2022-03-31,4.066919111186709,2.4995885244845817,2.865662872423742
2022-04-30,4.28052680921504,2.447749765637858,2.9384115578839936
2022-05-31,3.970635010299235,2.3736126119034493,2.8004545184899055
2022-06-30,3.9042081348307285,2.2584996529293475,2.641991653266089
2022-07-31,4.333618101291922,2.455721656493083,2.9493909029527705
2022-08-31,4.7596424429716215,2.541745085551126,3.133573841110608
2022-09-30,4.82188188718093,2.446576165906927,3.0690043679435943
2022-10-31,5.043058379024707,2.577940618716053,3.218351743910218
2022-11-30,5.383718773032246,2.684731038134834,3.378075556711912
2022-12-31,5.316401700386625,2.591265269319669,3.3039404516359228
2023-01-31,5.041328941873838,2.5278407911779643,3.2045236974610876
2023-02-28,4.884401231270061,2.4765745200048657,3.056427346883609
2023-03-31,4.9333511429528505,2.484560723051931,3.15422597901596
2023-04-30,5.219955394247316,2.5854974560078996,3.3383484106634325
2023-05-31,5.379212153297531,2.6526788845077673,3.508451865038467
2023-06-30,5.8062741355497085,2.746373648392382,3.705103455838112
2023-07-31,6.262178886487083,2.8272017518122805,3.918415456899906
2023-08-31,6.194608570844025,2.7556407926091833,3.847422847012705
2023-09-30,6.5420336955474765,2.8106711702363647,4.01993632976671
2023-10-31,6.370326495956245,2.730708954422824,3.9223805871021944
2023-11-30,7.108728168852254,2.88149505155967,4.26834836285175
2023-12-31,7.990942711161283,3.11023965765237,4.712055850087497
2024-01-31,8.672908343723508,3.1094238627174544,4.9205947071688625
2024-02-29,9.227454362029311,3.1462205079396868,5.125216388666713
2024-03-31,9.381984341269108,3.1954687600632585,5.226876622548277
2024-04-30,9.898893365398742,3.23524949728426,5.459396783428354
2024-05-31,10.47427780758748,3.224637007034441,5.627142620944383
2024-06-30,11.015048013663174,3.4364431340837673,5.96015196304904
2024-07-31,11.16921469758784,3.571056454440714,6.229266955833877
2024-08-31,10.787627356940677,3.6118104207068775,6.196598125728953
2024-09-30,11.146501689536326,3.6940983676945183,6.373190938956386
2024-10-31,10.201513950089756,3.4643161276933734,5.898620062560724
2024-11-30,10.261564647541066,3.4536893252517133,5.81900459378121
2024-12-31,10.556464253289008,3.3840891363307812,5.724240743152456
2025-01-31,10.171338482949452,3.364567306660177,5.610585620408179
2025-02-28,9.627348674820905,3.166529508161526,5.17220057285695
2025-03-31,10.471247485627467,3.366134491666725,5.678566934813821
2025-04-30,10.583988172463812,3.4827573868800124,5.775178542098799
2025-05-31,10.886709890704774,3.542367665896192,5.974612478447686
2025-06-30,11.348982452523483,3.652049148066779,6.162749845968135
2025-07-31,10.827312279333686,3.5448937677560615,5.9892344015832295
2025-08-31,10.530125419328026,3.496017632620346,5.923414333177713
2025-09-30,11.121331377589494,3.5223878460866875,6.120425035122257
2025-10-31,11.528423143466219,3.6813962974359695,6.343313962661552
2025-11-30,11.700901830206922,3.750216471901588,6.3779731335146534
2025-12-31,12.089599496735977,3.7397184791864935,6.415664839598563
2026-01-31,11.92838469981256,3.623940003291803,6.296684855068436
2026-02-28,12.325828873578747,3.6036166908781233,6.46941644890586
2026-03-31,10.571556580487938,3.196112808696087,5.711418499150411
2026-04-30,11.34335082226061,3.4027379222991088,6.193517410981954
