cycle,start,end,picks,gross,net,all10,n_picks,open
1,2015-01-01,2015-01-22,HDFCBANK+SBIN+ICICIBANK+TCS+ITC,1.96,1.36,5.8,5,
2,2015-01-22,2015-02-13,BHARTIARTL+INFY+SBIN+ICICIBANK+LT,-3.2,-3.8,-0.72,5,
3,2015-02-13,2015-03-10,HDFCBANK+INFY+HINDUNILVR+ITC+TCS,-1.02,-1.62,-1.33,5,
4,2015-03-10,2015-03-31,HINDUNILVR+HDFCBANK+BHARTIARTL+LT+TCS,-2.2,-2.8,-3.11,5,
5,2015-03-31,2015-04-24,BHARTIARTL+LT+TCS+INFY+HDFCBANK,-2.95,-3.55,0.16,5,
6,2015-04-24,2015-05-18,BHARTIARTL+ITC+RELIANCE+HDFCBANK+LT,-1.47,-2.07,-0.4,5,
7,2015-05-18,2015-06-08,SBIN+BHARTIARTL+HDFCBANK+RELIANCE+ICICIBANK,-3.93,-4.53,-2.57,5,
8,2015-06-08,2015-06-29,BHARTIARTL+LT+TCS+HDFCBANK+RELIANCE,4.98,4.38,4.98,5,
9,2015-06-29,2015-07-20,HDFCBANK+RELIANCE+LT+HINDUNILVR+TCS,2.91,2.31,2.69,5,
10,2015-07-20,2015-08-10,HDFCBANK+RELIANCE+LT+HINDUNILVR+BHARTIARTL,-3.62,-4.22,-0.98,5,
11,2015-08-10,2015-08-31,INFY+TCS+SBIN+HDFCBANK+ITC,-3.8,-4.4,-7.17,5,
12,2015-08-31,2015-09-22,INFY+ITC+TCS+HDFCBANK+HINDUNILVR,-1.98,-2.58,-2.31,5,
13,2015-09-22,2015-10-15,INFY+SBIN+HDFCBANK+TCS+ITC,4.52,3.92,4.66,5,
14,2015-10-15,2015-11-06,ITC+HDFCBANK+RELIANCE+ICICIBANK+SBIN,-1.6,-2.2,-1.64,5,
15,2015-11-06,2015-12-02,RELIANCE+INFY+HDFCBANK+SBIN+HINDUNILVR,1.9,1.3,1.09,5,
16,2015-12-02,2015-12-23,RELIANCE+ITC+HDFCBANK+HINDUNILVR+SBIN,-1.13,-1.73,-0.28,5,
17,2015-12-23,2016-01-14,INFY+HINDUNILVR+RELIANCE+BHARTIARTL+HDFCBANK,-1.13,-1.73,-5.13,5,
18,2016-01-14,2016-02-05,RELIANCE+INFY+HINDUNILVR+HDFCBANK+ITC,-0.26,-0.86,-2.3,5,
19,2016-02-05,2016-02-26,INFY+HINDUNILVR+HDFCBANK+ITC+TCS,-6.04,-6.64,-5.23,5,
20,2016-02-26,2016-03-21,HINDUNILVR+INFY+RELIANCE+BHARTIARTL+LT,8.0,7.4,12.39,5,
21,2016-03-21,2016-04-13,RELIANCE+ICICIBANK+SBIN+INFY+LT,0.28,-0.32,1.05,5,
22,2016-04-13,2016-05-09,RELIANCE+HINDUNILVR+HDFCBANK+ITC+ICICIBANK,-3.8,-4.4,-1.38,5,
23,2016-05-09,2016-05-30,HDFCBANK+BHARTIARTL+TCS+LT+ITC,5.87,5.27,4.84,5,
24,2016-05-30,2016-06-20,HDFCBANK+ITC+TCS+INFY+RELIANCE,-0.42,-1.02,0.84,5,
25,2016-06-20,2016-07-12,HDFCBANK+SBIN+LT+BHARTIARTL+HINDUNILVR,3.49,2.89,2.12,5,
26,2016-07-12,2016-08-02,HDFCBANK+HINDUNILVR+SBIN+ITC+LT,1.08,0.48,-0.25,5,
27,2016-08-02,2016-08-24,HDFCBANK+TCS+HINDUNILVR+SBIN+RELIANCE,1.71,1.11,-0.04,5,
28,2016-08-24,2016-09-16,HDFCBANK+SBIN+ITC+RELIANCE+HINDUNILVR,2.0,1.4,0.18,5,
29,2016-09-16,2016-10-07,HDFCBANK+ICICIBANK+ITC+SBIN+RELIANCE,-2.39,-2.99,-2.16,5,
30,2016-10-07,2016-11-02,RELIANCE+SBIN+HDFCBANK+LT+ICICIBANK,-1.45,-2.05,-2.25,5,
31,2016-11-02,2016-11-24,ICICIBANK+LT+SBIN+HDFCBANK+RELIANCE,-3.36,-3.96,-3.6,5,
32,2016-11-24,2016-12-15,SBIN+ICICIBANK+HINDUNILVR+BHARTIARTL+TCS,1.1,0.5,2.14,5,
33,2016-12-15,2017-01-05,RELIANCE+SBIN+INFY+BHARTIARTL+TCS,-0.61,-1.21,0.82,5,
34,2017-01-05,2017-01-27,RELIANCE+ITC+TCS+BHARTIARTL+HINDUNILVR,1.09,0.49,2.55,5,
35,2017-01-27,2017-02-17,LT+ITC+SBIN+HINDUNILVR+ICICIBANK,1.87,1.27,4.47,5,
36,2017-02-17,2017-03-14,RELIANCE+ITC+HINDUNILVR+LT+INFY,7.44,6.84,4.75,5,
37,2017-03-14,2017-04-05,BHARTIARTL+INFY+SBIN+ITC+TCS,-0.09,-0.69,2.2,5,
38,2017-04-05,2017-04-27,HDFCBANK+ITC+ICICIBANK+BHARTIARTL+HINDUNILVR,3.13,2.53,0.47,5,
39,2017-04-27,2017-05-19,RELIANCE+HINDUNILVR+SBIN+BHARTIARTL+ITC,2.84,2.24,3.7,5,
40,2017-05-19,2017-06-09,BHARTIARTL+HDFCBANK+HINDUNILVR+ICICIBANK+TCS,3.42,2.82,1.74,5,
41,2017-06-09,2017-07-03,ICICIBANK+HINDUNILVR+ITC+LT+TCS,0.28,-0.32,0.61,5,
42,2017-07-03,2017-07-24,HDFCBANK+HINDUNILVR+ICICIBANK+BHARTIARTL+RELIANCE,7.75,7.15,4.58,5,
43,2017-07-24,2017-08-14,BHARTIARTL+HINDUNILVR+INFY+ICICIBANK+TCS,-2.26,-2.86,-3.13,5,
44,2017-08-14,2017-09-06,HDFCBANK+BHARTIARTL+HINDUNILVR+RELIANCE+TCS,1.4,0.8,-0.36,5,
45,2017-09-06,2017-09-27,RELIANCE+HINDUNILVR+ICICIBANK+HDFCBANK+TCS,-1.44,-2.04,-2.57,5,
46,2017-09-27,2017-10-19,TCS+HINDUNILVR+LT+HDFCBANK+RELIANCE,5.16,4.56,4.55,5,
47,2017-10-19,2017-11-10,HDFCBANK+HINDUNILVR+TCS+ITC+INFY,1.02,0.42,7.86,5,
48,2017-11-10,2017-12-01,BHARTIARTL+ICICIBANK+SBIN+TCS+INFY,-3.52,-4.12,-2.12,5,
49,2017-12-01,2017-12-22,LT+INFY+SBIN+TCS+HDFCBANK,2.77,2.17,3.73,5,
50,2017-12-22,2018-01-15,INFY+HINDUNILVR+HDFCBANK+BHARTIARTL+ICICIBANK,1.25,0.65,1.2,5,
51,2018-01-15,2018-02-06,LT+HINDUNILVR+TCS+HDFCBANK+RELIANCE,0.2,-0.4,-1.14,5,
52,2018-02-06,2018-02-28,TCS+INFY+ITC+ICICIBANK+LT,-1.94,-2.54,-1.88,5,
53,2018-02-28,2018-03-22,INFY+RELIANCE+TCS+HDFCBANK+LT,-2.91,-3.51,-3.92,5,
54,2018-03-22,2018-04-16,INFY+HDFCBANK+RELIANCE+HINDUNILVR+LT,5.24,4.64,4.31,5,
55,2018-04-16,2018-05-08,HDFCBANK+RELIANCE+LT+ITC+INFY,2.73,2.13,4.03,5,
56,2018-05-08,2018-05-29,ITC+HINDUNILVR+TCS+RELIANCE+ICICIBANK,-1.03,-1.63,0.42,5,
57,2018-05-29,2018-06-19,INFY+HINDUNILVR+TCS+HDFCBANK+LT,0.63,0.03,1.47,5,
58,2018-06-19,2018-07-10,RELIANCE+HINDUNILVR+TCS+INFY+SBIN,2.35,1.75,1.18,5,
59,2018-07-10,2018-07-31,HDFCBANK+HINDUNILVR+TCS+INFY+RELIANCE,5.16,4.56,6.32,5,
60,2018-07-31,2018-08-23,HDFCBANK+HINDUNILVR+SBIN+ICICIBANK+INFY,3.01,2.41,2.91,5,
61,2018-08-23,2018-09-14,ICICIBANK+HINDUNILVR+SBIN+TCS+INFY,-1.33,-1.93,-0.68,5,
62,2018-09-14,2018-10-09,RELIANCE+INFY+ICICIBANK+BHARTIARTL+LT,-11.05,-11.65,-8.57,5,
63,2018-10-09,2018-10-31,INFY+TCS+ICICIBANK+RELIANCE+SBIN,1.56,0.96,2.4,5,
64,2018-10-31,2018-11-22,ICICIBANK+SBIN+LT+INFY+ITC,-1.18,-1.78,0.96,5,
65,2018-11-22,2018-12-14,LT+HINDUNILVR+SBIN+ICICIBANK+HDFCBANK,3.2,2.6,3.47,5,
66,2018-12-14,2019-01-07,HDFCBANK+HINDUNILVR+SBIN+LT+TCS,-1.39,-1.99,-0.58,5,
67,2019-01-07,2019-01-28,SBIN+HDFCBANK+ICICIBANK+ITC+INFY,-1.58,-2.18,-0.88,5,
68,2019-01-28,2019-02-19,RELIANCE+INFY+TCS+HDFCBANK+BHARTIARTL,-0.89,-1.49,-1.45,5,
69,2019-02-19,2019-03-13,RELIANCE+ITC+INFY+HDFCBANK+ICICIBANK,6.82,6.22,6.92,5,
70,2019-03-13,2019-04-05,ITC+BHARTIARTL+SBIN+LT+TCS,2.91,2.31,1.83,5,
71,2019-04-05,2019-05-02,BHARTIARTL+HDFCBANK+ICICIBANK+ITC+SBIN,0.3,-0.3,1.05,5,
72,2019-05-02,2019-05-23,HDFCBANK+TCS+RELIANCE+ICICIBANK+SBIN,0.32,-0.28,0.81,5,
73,2019-05-23,2019-06-14,LT+ICICIBANK+SBIN+BHARTIARTL+HINDUNILVR,2.05,1.45,2.07,5,
74,2019-06-14,2019-07-05,BHARTIARTL+HINDUNILVR+TCS+LT+SBIN,1.19,0.59,0.42,5,
75,2019-07-05,2019-07-26,LT+HDFCBANK+ICICIBANK+HINDUNILVR+BHARTIARTL,-6.57,-7.17,-3.88,5,
76,2019-07-26,2019-08-20,INFY+HINDUNILVR+ICICIBANK+SBIN+TCS,-2.12,-2.72,-1.35,5,
77,2019-08-20,2019-09-12,RELIANCE+HINDUNILVR+BHARTIARTL+INFY+TCS,-1.89,-2.49,-1.09,5,
78,2019-09-12,2019-10-04,INFY+HINDUNILVR+HDFCBANK+BHARTIARTL+ICICIBANK,1.95,1.35,1.41,5,
79,2019-10-04,2019-10-29,HINDUNILVR+HDFCBANK+LT+RELIANCE+ITC,5.59,4.99,4.84,5,
80,2019-10-29,2019-11-20,HDFCBANK+ICICIBANK+TCS+SBIN+LT,2.07,1.47,3.38,5,
81,2019-11-20,2019-12-11,HDFCBANK+ICICIBANK+SBIN+ITC+BHARTIARTL,-1.0,-1.6,-1.73,5,
82,2019-12-11,2020-01-02,BHARTIARTL+ICICIBANK+RELIANCE+INFY+HDFCBANK,1.31,0.71,2.29,5,
83,2020-01-02,2020-01-23,BHARTIARTL+ICICIBANK+HDFCBANK+INFY+LT,3.2,2.6,1.74,5,
84,2020-01-23,2020-02-13,INFY+HINDUNILVR+TCS+LT+ICICIBANK,2.48,1.88,0.28,5,
85,2020-02-13,2020-03-06,BHARTIARTL+INFY+SBIN+TCS+ICICIBANK,-8.54,-9.14,-9.39,5,
86,2020-03-06,2020-03-30,HINDUNILVR+BHARTIARTL+TCS+INFY+ICICIBANK,-15.04,-15.64,-18.61,5,
87,2020-03-30,2020-04-24,HINDUNILVR+BHARTIARTL+TCS+INFY+ITC,4.84,4.24,6.66,5,
88,2020-04-24,2020-05-18,RELIANCE+HINDUNILVR+BHARTIARTL+INFY+HDFCBANK,-2.92,-3.52,-5.0,5,
89,2020-05-18,2020-06-09,BHARTIARTL+RELIANCE+TCS+INFY+ITC,8.67,8.07,10.83,5,
90,2020-06-09,2020-06-30,RELIANCE+TCS+ITC+SBIN+INFY,1.58,0.98,1.61,5,
91,2020-06-30,2020-07-21,RELIANCE+HINDUNILVR+INFY+HDFCBANK+TCS,12.34,11.74,7.41,5,
92,2020-07-21,2020-08-11,RELIANCE+HINDUNILVR+TCS+ICICIBANK+BHARTIARTL,-0.67,-1.27,-0.14,5,
93,2020-08-11,2020-09-01,RELIANCE+INFY+TCS+ITC+LT,-2.55,-3.15,0.89,5,
94,2020-09-01,2020-09-22,HDFCBANK+INFY+SBIN+ICICIBANK+BHARTIARTL,-7.06,-7.66,-4.34,5,
95,2020-09-22,2020-10-14,INFY+RELIANCE+TCS+ICICIBANK+HDFCBANK,10.9,10.3,5.69,5,
96,2020-10-14,2020-11-04,HDFCBANK+ICICIBANK+RELIANCE+HINDUNILVR+SBIN,-1.43,-2.03,-0.63,5,
97,2020-11-04,2020-11-25,HDFCBANK+ICICIBANK+INFY+BHARTIARTL+SBIN,6.32,5.72,6.46,5,
98,2020-11-25,2020-12-17,HDFCBANK+ICICIBANK+SBIN+ITC+LT,8.28,7.68,7.03,5,
99,2020-12-17,2021-01-08,BHARTIARTL+HINDUNILVR+SBIN+ICICIBANK+TCS,5.84,5.24,3.91,5,
100,2021-01-08,2021-02-01,BHARTIARTL+HINDUNILVR+SBIN+ICICIBANK+INFY,2.45,1.85,1.98,5,
101,2021-02-01,2021-02-22,BHARTIARTL+ICICIBANK+SBIN+HDFCBANK+ITC,3.58,2.98,0.88,5,
102,2021-02-22,2021-03-16,SBIN+ICICIBANK+LT+BHARTIARTL+HDFCBANK,-3.46,-4.06,0.15,5,
103,2021-03-16,2021-04-08,RELIANCE+INFY+TCS+HINDUNILVR+LT,1.78,1.18,-0.34,5,
104,2021-04-08,2021-05-03,HINDUNILVR+INFY+TCS+LT+ITC,-5.65,-6.25,-2.45,5,
105,2021-05-03,2021-05-25,BHARTIARTL+ICICIBANK+INFY+HINDUNILVR+RELIANCE,0.1,-0.5,3.55,5,
106,2021-05-25,2021-06-15,HDFCBANK+ICICIBANK+LT+ITC+INFY,1.83,1.23,3.55,5,
107,2021-06-15,2021-07-06,SBIN+TCS+RELIANCE+LT+HINDUNILVR,-0.26,-0.86,0.33,5,
108,2021-07-06,2021-07-28,INFY+HINDUNILVR+TCS+HDFCBANK+ICICIBANK,-1.22,-1.82,0.72,5,
109,2021-07-28,2021-08-18,INFY+ITC+LT+BHARTIARTL+ICICIBANK,3.72,3.12,4.54,5,
110,2021-08-18,2021-09-09,BHARTIARTL+HDFCBANK+HINDUNILVR+RELIANCE+LT,9.11,8.51,6.45,5,
111,2021-09-09,2021-10-01,BHARTIARTL+HDFCBANK+ICICIBANK+LT+TCS,-0.32,-0.92,1.3,5,
112,2021-10-01,2021-10-25,RELIANCE+ITC+SBIN+BHARTIARTL+HDFCBANK,3.82,3.22,3.18,5,
113,2021-10-25,2021-11-16,HDFCBANK+LT+BHARTIARTL+RELIANCE+INFY,1.89,1.29,-0.1,5,
114,2021-11-16,2021-12-08,BHARTIARTL+LT+ICICIBANK+INFY+ITC,-3.1,-3.7,-1.86,5,
115,2021-12-08,2021-12-29,TCS+BHARTIARTL+LT+ICICIBANK+INFY,0.83,0.23,-1.51,5,
116,2021-12-29,2022-01-19,INFY+LT+TCS+ICICIBANK+RELIANCE,5.51,4.91,5.13,5,
117,2022-01-19,2022-02-10,TCS+ICICIBANK+SBIN+LT+RELIANCE,-1.83,-2.43,-0.73,5,
118,2022-02-10,2022-03-04,ITC+SBIN+HDFCBANK+BHARTIARTL+ICICIBANK,-9.73,-10.33,-7.85,5,
119,2022-03-04,2022-03-28,ITC+INFY+TCS+BHARTIARTL+RELIANCE,12.66,12.06,9.5,5,
120,2022-03-28,2022-04-20,INFY+BHARTIARTL+RELIANCE+SBIN+TCS,-2.85,-3.45,-0.74,5,
121,2022-04-20,2022-05-12,ITC+ICICIBANK+RELIANCE+SBIN+HINDUNILVR,-7.15,-7.75,-6.6,5,
122,2022-05-12,2022-06-02,HINDUNILVR+ITC+BHARTIARTL+HDFCBANK+ICICIBANK,4.53,3.93,4.09,5,
123,2022-06-02,2022-06-23,RELIANCE+ICICIBANK+HINDUNILVR+ITC+HDFCBANK,-5.41,-6.01,-5.59,5,
124,2022-06-23,2022-07-14,ITC+HINDUNILVR+SBIN+HDFCBANK+ICICIBANK,6.3,5.7,2.25,5,
125,2022-07-14,2022-08-04,ICICIBANK+HINDUNILVR+ITC+LT+SBIN,7.38,6.78,7.8,5,
126,2022-08-04,2022-08-29,LT+HINDUNILVR+SBIN+RELIANCE+HDFCBANK,0.12,-0.48,-0.68,5,
127,2022-08-29,2022-09-20,BHARTIARTL+ICICIBANK+LT+ITC+SBIN,7.2,6.6,2.73,5,
128,2022-09-20,2022-10-12,HDFCBANK+ICICIBANK+SBIN+ITC+LT,-4.15,-4.75,-2.14,5,
129,2022-10-12,2022-11-03,LT+BHARTIARTL+SBIN+HINDUNILVR+ICICIBANK,5.0,4.4,5.78,5,
130,2022-11-03,2022-11-25,ITC+ICICIBANK+SBIN+LT+HDFCBANK,2.53,1.93,3.16,5,
131,2022-11-25,2022-12-16,BHARTIARTL+HDFCBANK+ICICIBANK+INFY+SBIN,-1.81,-2.41,-0.48,5,
132,2022-12-16,2023-01-06,HDFCBANK+HINDUNILVR+LT+SBIN+BHARTIARTL,-2.85,-3.45,-2.51,5,
133,2023-01-06,2023-01-30,ITC+HINDUNILVR+SBIN+LT+HDFCBANK,-1.63,-2.23,-1.27,5,
134,2023-01-30,2023-02-20,TCS+ITC+INFY+HDFCBANK+HINDUNILVR,2.8,2.2,2.04,5,
135,2023-02-20,2023-03-14,LT+ITC+INFY+HDFCBANK+TCS,-5.88,-6.48,-4.35,5,
136,2023-03-14,2023-04-06,ITC+BHARTIARTL+LT+HDFCBANK+RELIANCE,3.18,2.58,2.27,5,
137,2023-04-06,2023-05-02,HINDUNILVR+HDFCBANK+ITC+ICICIBANK+LT,3.15,2.55,2.08,5,
138,2023-05-02,2023-05-23,BHARTIARTL+HDFCBANK+ICICIBANK+SBIN+RELIANCE,0.77,0.17,0.94,5,
139,2023-05-23,2023-06-13,BHARTIARTL+HINDUNILVR+ITC+ICICIBANK+SBIN,1.82,1.22,1.74,5,
140,2023-06-13,2023-07-05,BHARTIARTL+ITC+RELIANCE+LT+ICICIBANK,3.88,3.28,3.43,5,
141,2023-07-05,2023-07-26,BHARTIARTL+HDFCBANK+SBIN+LT+HINDUNILVR,1.79,1.19,2.15,5,
142,2023-07-26,2023-08-17,BHARTIARTL+SBIN+RELIANCE+ITC+HDFCBANK,-4.75,-5.35,-2.51,5,
143,2023-08-17,2023-09-07,LT+INFY+RELIANCE+TCS+ICICIBANK,2.23,1.63,1.65,5,
144,2023-09-07,2023-09-29,TCS+INFY+HDFCBANK+BHARTIARTL+ITC,-0.12,-0.72,0.01,5,
145,2023-09-29,2023-10-23,BHARTIARTL+SBIN+TCS+ITC+LT,-2.48,-3.08,-2.11,5,
146,2023-10-23,2023-11-15,BHARTIARTL+LT+ITC+INFY+ICICIBANK,1.99,1.39,1.91,5,
147,2023-11-15,2023-12-07,LT+BHARTIARTL+SBIN+RELIANCE+ITC,5.58,4.98,5.27,5,
148,2023-12-07,2023-12-29,BHARTIARTL+ICICIBANK+RELIANCE+ITC+TCS,2.67,2.07,3.85,5,
149,2023-12-29,2024-01-19,BHARTIARTL+INFY+TCS+SBIN+RELIANCE,4.92,4.32,1.27,5,
150,2024-01-19,2024-02-13,LT+INFY+RELIANCE+ITC+SBIN,-0.03,-0.63,-0.7,5,
151,2024-02-13,2024-03-05,TCS+INFY+SBIN+RELIANCE+BHARTIARTL,2.76,2.16,3.68,5,
152,2024-03-05,2024-03-28,LT+ICICIBANK+RELIANCE+BHARTIARTL+SBIN,1.08,0.48,-0.35,5,
153,2024-03-28,2024-04-23,LT+RELIANCE+ICICIBANK+BHARTIARTL+ITC,0.41,-0.19,0.1,5,
154,2024-04-23,2024-05-15,SBIN+ICICIBANK+RELIANCE+HDFCBANK+ITC,-0.06,-0.66,-0.85,5,
155,2024-05-15,2024-06-06,SBIN+HINDUNILVR+ICICIBANK+BHARTIARTL+TCS,1.55,0.95,2.2,5,
156,2024-06-06,2024-06-28,HINDUNILVR+HDFCBANK+INFY+ICICIBANK+SBIN,4.4,3.8,3.96,5,
157,2024-06-28,2024-07-22,HDFCBANK+ICICIBANK+INFY+HINDUNILVR+BHARTIARTL,5.91,5.31,5.19,5,
158,2024-07-22,2024-08-12,BHARTIARTL+ICICIBANK+TCS+ITC+SBIN,-2.06,-2.66,-1.55,5,
159,2024-08-12,2024-09-03,INFY+HINDUNILVR+ITC+HDFCBANK+BHARTIARTL,3.75,3.15,3.91,5,
160,2024-09-03,2024-09-24,BHARTIARTL+HINDUNILVR+TCS+ICICIBANK+INFY,3.89,3.29,3.14,5,
161,2024-09-24,2024-10-16,ICICIBANK+HINDUNILVR+LT+ITC+INFY,-4.03,-4.63,-3.63,5,
162,2024-10-16,2024-11-06,BHARTIARTL+HDFCBANK+SBIN+ICICIBANK+INFY,-0.06,-0.66,-1.28,5,
163,2024-11-06,2024-11-29,HDFCBANK+ICICIBANK+SBIN+LT+TCS,1.04,0.44,0.6,5,
164,2024-11-29,2024-12-20,HDFCBANK+ICICIBANK+SBIN+TCS+LT,-2.06,-2.66,-2.48,5,
165,2024-12-20,2025-01-13,INFY+BHARTIARTL+ICICIBANK+HDFCBANK+TCS,-1.79,-2.39,-2.16,5,
166,2025-01-13,2025-02-01,TCS+HINDUNILVR+INFY+BHARTIARTL+ITC,-0.72,-1.32,0.7,5,
167,2025-02-01,2025-02-21,ITC+HDFCBANK+HINDUNILVR+BHARTIARTL+RELIANCE,-4.6,-5.2,-3.98,5,
168,2025-02-21,2025-03-18,BHARTIARTL+HDFCBANK+INFY+ICICIBANK+RELIANCE,-0.78,-1.38,-1.26,5,
169,2025-03-18,2025-04-09,ICICIBANK+HDFCBANK+BHARTIARTL+RELIANCE+SBIN,0.43,-0.17,-1.75,5,
170,2025-04-09,2025-05-06,HDFCBANK+HINDUNILVR+ITC+BHARTIARTL+SBIN,4.4,3.8,6.99,5,
171,2025-05-06,2025-05-27,HDFCBANK+ICICIBANK+ITC+HINDUNILVR+LT,2.19,1.59,1.87,5,
172,2025-05-27,2025-06-17,LT+RELIANCE+HDFCBANK+INFY+ICICIBANK,0.46,-0.14,-0.03,5,
173,2025-06-17,2025-07-08,INFY+TCS+HDFCBANK+BHARTIARTL+RELIANCE,3.94,3.34,2.64,5,
174,2025-07-08,2025-07-29,BHARTIARTL+HDFCBANK+RELIANCE+INFY+SBIN,-4.34,-4.94,-3.12,5,
175,2025-07-29,2025-08-20,ICICIBANK+HINDUNILVR+HDFCBANK+BHARTIARTL+SBIN,1.4,0.8,0.48,5,
176,2025-08-20,2025-09-11,SBIN+BHARTIARTL+RELIANCE+HDFCBANK+INFY,-1.49,-2.09,-1.14,5,
177,2025-09-11,2025-10-03,HINDUNILVR+SBIN+ITC+BHARTIARTL+TCS,-1.93,-2.53,-1.53,5,
178,2025-10-03,2025-10-27,LT+SBIN+HDFCBANK+BHARTIARTL+ITC,5.85,5.25,4.83,5,
179,2025-10-27,2025-11-18,BHARTIARTL+HDFCBANK+ITC+LT+TCS,0.21,-0.39,0.29,5,
180,2025-11-18,2025-12-09,BHARTIARTL+RELIANCE+LT+TCS+HDFCBANK,0.37,-0.23,0.26,5,
181,2025-12-09,2025-12-31,INFY+SBIN+RELIANCE+LT+TCS,1.33,0.73,0.6,5,
182,2025-12-31,2026-01-21,SBIN+INFY+RELIANCE+TCS+LT,-2.9,-3.5,-4.45,5,
183,2026-01-21,2026-02-12,SBIN+INFY+HINDUNILVR+ICICIBANK+TCS,-1.41,-2.01,0.27,5,
184,2026-02-12,2026-03-06,LT+ICICIBANK+HINDUNILVR+BHARTIARTL+SBIN,-6.29,-6.89,-4.23,5,
185,2026-03-06,2026-03-30,RELIANCE+SBIN+LT+TCS+INFY,-6.64,-7.24,-6.47,5,
186,2026-03-30,2026-04-23,SBIN+BHARTIARTL+TCS+INFY+LT,4.23,3.63,4.93,5,
187,2026-04-23,2026-05-14,ICICIBANK+HINDUNILVR+LT+SBIN+RELIANCE,-4.89,-5.49,-4.16,5,
188,2026-05-14,2026-06-04,BHARTIARTL+HINDUNILVR+ITC+HDFCBANK+LT,-4.46,-5.06,-1.65,5,
189,2026-06-04,2026-06-25,LT+ICICIBANK+INFY+BHARTIARTL+HDFCBANK,1.85,1.25,1.73,5,
190,2026-06-25,2026-07-16,LT+ICICIBANK+SBIN+HDFCBANK+BHARTIARTL,-0.85,-1.45,-0.4,5,
191,2026-07-16,2026-08-06,ICICIBANK+BHARTIARTL+TCS+SBIN+HDFCBANK,1.33,0.73,2.26,5,
192,2026-08-06,2026-08-27,ICICIBANK+LT+SBIN+TCS+RELIANCE,-2.5,-3.1,-3.2,5,
193,2026-08-27,2026-09-04,ICICIBANK+LT+SBIN+INFY+TCS,,,,5,True
