symbol,signal_date,tier,entry_date,entry_px,exit_px,exit_date,exit,hold_days,pnl_pct,open,stage_at_signal,rsi_at_signal
BHARTIARTL,2014-03-07,T1,2014-03-10,272.13,270.51,2014-03-12,stage,3,-0.6,False,EARLY-UP,52.8
BHARTIARTL,2014-04-11,T1,2014-04-15,288.94,283.81,2014-05-06,stage,14,-1.78,False,ALL-ALIGN BULL,63.2
BHARTIARTL,2014-05-13,T1,2014-05-14,290.66,291.29,2014-05-14,stage,1,0.22,False,EARLY-UP,49.5
BHARTIARTL,2014-05-20,T1,2014-05-21,313.64,325.85,2014-06-10,time,15,3.89,False,TOP-WARNING,69.8
BHARTIARTL,2014-06-17,T1,2014-06-18,303.72,305.3,2014-06-20,stage,3,0.52,False,EARLY-UP,48.0
BHARTIARTL,2014-08-01,T1,2014-08-04,344.78,332.65,2014-08-25,time,15,-3.52,False,TOP-WARNING,78.7
BHARTIARTL,2014-08-28,T2,2014-09-01,333.47,373.98,2014-09-19,time,15,12.15,False,ALL-ALIGN BULL,55.1
BHARTIARTL,2014-10-09,T2,2014-10-10,361.27,353.56,2014-10-10,stage,1,-2.13,False,ALL-ALIGN BULL,56.3
BHARTIARTL,2015-01-21,T1,2015-01-22,336.48,323.82,2015-02-02,stage,7,-3.76,False,ALL-ALIGN BULL,59.0
BHARTIARTL,2015-03-20,T1,2015-03-23,346.08,374.16,2015-04-15,time,15,8.11,False,ALL-ALIGN BULL,57.0
BHARTIARTL,2015-03-30,T2,2015-03-31,350.63,360.37,2015-04-23,time,15,2.78,False,ALL-ALIGN BULL,56.7
BHARTIARTL,2015-06-15,T1,2015-06-16,372.26,373.39,2015-06-16,stage,1,0.3,False,ALL-ALIGN BULL,55.0
BHARTIARTL,2015-06-17,T1,2015-06-18,376.82,373.03,2015-06-29,stage,8,-1.01,False,ALL-ALIGN BULL,60.8
BHARTIARTL,2015-06-30,T1,2015-07-01,381.86,382.54,2015-07-01,stage,1,0.18,False,EARLY-UP,53.0
BHARTIARTL,2015-09-16,T1,2015-09-18,324.5,317.51,2015-09-21,stage,2,-2.15,False,EARLY-UP,46.4
BHARTIARTL,2015-12-23,T1,2015-12-24,299.44,294.53,2016-01-04,stage,7,-1.64,False,EARLY-UP,56.5
BHARTIARTL,2016-03-18,T1,2016-03-21,310.93,302.33,2016-04-01,stage,8,-2.77,False,EARLY-UP,66.5
BHARTIARTL,2016-04-11,T1,2016-04-12,313.82,315.53,2016-04-12,stage,1,0.54,False,EARLY-UP,56.0
BHARTIARTL,2016-04-28,T1,2016-04-29,335.13,323.64,2016-05-06,stage,6,-3.43,False,ALL-ALIGN BULL,66.9
BHARTIARTL,2016-05-03,T2,2016-05-04,329.82,323.64,2016-05-06,stage,3,-1.87,False,ALL-ALIGN BULL,60.3
BHARTIARTL,2016-10-26,T1,2016-10-27,283.49,279.03,2016-11-02,stage,4,-1.57,False,EARLY-UP,51.4
BHARTIARTL,2016-11-28,T1,2016-11-29,289.12,292.55,2016-11-30,stage,2,1.19,False,EARLY-UP,58.1
BHARTIARTL,2017-02-03,T1,2017-02-06,319.05,320.58,2017-02-27,time,15,0.48,False,TOP-WARNING,72.2
BHARTIARTL,2017-02-28,T2,2017-03-01,332.16,314.9,2017-03-20,stage,13,-5.2,False,ALL-ALIGN BULL,60.0
BHARTIARTL,2017-03-06,T2,2017-03-07,325.35,314.9,2017-03-20,stage,9,-3.21,False,ALL-ALIGN BULL,56.3
BHARTIARTL,2017-03-15,T2,2017-03-16,328.06,314.9,2017-03-20,stage,3,-4.01,False,ALL-ALIGN BULL,56.6
BHARTIARTL,2017-05-18,T1,2017-05-19,336.17,331.39,2017-06-08,time,15,-1.42,False,ALL-ALIGN BULL,60.9
BHARTIARTL,2017-06-02,T2,2017-06-05,336.35,331.39,2017-06-08,stage,4,-1.47,False,ALL-ALIGN BULL,58.8
BHARTIARTL,2017-06-07,T2,2017-06-08,336.12,331.39,2017-06-08,stage,1,-1.41,False,ALL-ALIGN BULL,57.3
BHARTIARTL,2017-07-13,T1,2017-07-14,365.05,382.31,2017-08-03,time,15,4.73,False,ALL-ALIGN BULL,69.4
BHARTIARTL,2017-08-17,T2,2017-08-18,373.08,366.36,2017-09-05,stage,12,-1.8,False,ALL-ALIGN BULL,56.2
BHARTIARTL,2017-10-11,T1,2017-10-12,363.39,489.56,2017-11-02,time,15,34.72,False,ALL-ALIGN BULL,57.3
BHARTIARTL,2017-10-13,T2,2017-10-16,389.52,479.96,2017-11-06,time,15,23.22,False,ALL-ALIGN BULL,69.3
BHARTIARTL,2017-11-21,T2,2017-11-22,454.68,447.43,2017-11-30,stage,7,-1.59,False,ALL-ALIGN BULL,57.8
BHARTIARTL,2017-11-27,T2,2017-11-28,448.78,447.43,2017-11-30,stage,3,-0.3,False,ALL-ALIGN BULL,55.1
BHARTIARTL,2018-04-23,T1,2018-04-24,362.22,368.39,2018-04-27,stage,4,1.7,False,EARLY-UP,53.1
BHARTIARTL,2018-10-24,T1,2018-10-25,276.69,268.53,2018-10-26,stage,2,-2.95,False,EARLY-UP,48.8
BHARTIARTL,2018-11-02,T1,2018-11-05,271.1,273.26,2018-11-05,stage,1,0.8,False,EARLY-UP,45.6
BHARTIARTL,2019-03-22,T1,2019-03-25,300.03,290.66,2019-03-27,stage,3,-3.12,False,EARLY-UP,55.4
BHARTIARTL,2019-04-02,T1,2019-04-03,320.85,314.31,2019-04-16,stage,10,-2.04,False,ALL-ALIGN BULL,67.0
BHARTIARTL,2019-04-11,T2,2019-04-12,312.74,314.31,2019-04-16,stage,3,0.5,False,ALL-ALIGN BULL,56.0
BHARTIARTL,2019-04-15,T2,2019-04-16,313.64,314.31,2019-04-16,stage,1,0.21,False,ALL-ALIGN BULL,56.3
BHARTIARTL,2019-06-10,T1,2019-06-11,356.31,334.81,2019-06-19,stage,7,-6.03,False,ALL-ALIGN BULL,66.9
BHARTIARTL,2019-10-14,T1,2019-10-15,382.81,365.49,2019-10-24,stage,7,-4.52,False,ALL-ALIGN BULL,68.1
BHARTIARTL,2019-11-26,T1,2019-11-27,425.51,431.84,2019-12-17,time,15,1.49,False,ALL-ALIGN BULL,62.7
BHARTIARTL,2019-12-17,T2,2019-12-18,438.76,446.71,2020-01-03,stage,12,1.81,False,ALL-ALIGN BULL,56.4
BHARTIARTL,2020-01-17,T1,2020-01-20,489.8,529.51,2020-02-07,time,15,8.11,False,TOP-WARNING,74.6
BHARTIARTL,2020-02-25,T2,2020-02-26,522.88,526.07,2020-02-26,stage,1,0.61,False,ALL-ALIGN BULL,56.0
BHARTIARTL,2020-04-13,T1,2020-04-15,524.11,492.16,2020-04-22,stage,6,-6.1,False,ALL-ALIGN BULL,58.7
BHARTIARTL,2020-04-21,T2,2020-04-22,506.49,492.16,2020-04-22,stage,1,-2.83,False,ALL-ALIGN BULL,55.4
BHARTIARTL,2020-05-19,T1,2020-05-20,593.85,542.42,2020-05-29,stage,7,-8.66,False,ALL-ALIGN BULL,68.1
BHARTIARTL,2020-10-28,T1,2020-10-29,439.45,469.58,2020-11-18,time,15,6.86,False,EARLY-UP,57.1
BHARTIARTL,2020-12-04,T1,2020-12-07,488.82,481.85,2020-12-21,stage,11,-1.43,False,EARLY-UP,61.8
BHARTIARTL,2020-12-07,T2,2020-12-08,504.53,481.85,2020-12-21,stage,10,-4.5,False,ALL-ALIGN BULL,66.6
BHARTIARTL,2020-12-16,T2,2020-12-17,507.47,481.85,2020-12-21,stage,3,-5.05,False,ALL-ALIGN BULL,67.9
BHARTIARTL,2020-12-23,T1,2020-12-24,510.42,506.64,2020-12-30,stage,4,-0.74,False,ALL-ALIGN BULL,58.4
BHARTIARTL,2021-01-11,T1,2021-01-12,538.88,588.3,2021-02-02,time,15,9.17,False,ALL-ALIGN BULL,68.9
BHARTIARTL,2021-02-01,T2,2021-02-02,574.12,583.0,2021-02-16,stage,11,1.55,False,ALL-ALIGN BULL,59.5
BHARTIARTL,2021-02-15,T2,2021-02-16,584.03,583.0,2021-02-16,stage,1,-0.18,False,ALL-ALIGN BULL,56.8
BHARTIARTL,2021-08-02,T1,2021-08-03,557.53,608.67,2021-08-24,time,15,9.17,False,ALL-ALIGN BULL,63.1
BHARTIARTL,2021-08-30,T1,2021-08-31,614.51,713.26,2021-09-21,time,15,16.07,False,ALL-ALIGN BULL,59.5
BHARTIARTL,2021-10-05,T2,2021-10-06,705.75,702.35,2021-10-27,time,15,-0.48,False,ALL-ALIGN BULL,59.4
BHARTIARTL,2021-10-20,T2,2021-10-21,710.95,685.35,2021-10-29,stage,7,-3.6,False,ALL-ALIGN BULL,61.8
BHARTIARTL,2021-10-26,T2,2021-10-27,699.4,685.35,2021-10-29,stage,3,-2.01,False,ALL-ALIGN BULL,55.1
BHARTIARTL,2021-11-25,T1,2021-11-26,763.0,728.25,2021-11-30,stage,3,-4.55,False,ALL-ALIGN BULL,67.7
BHARTIARTL,2022-04-08,T1,2022-04-11,757.0,741.65,2022-04-12,stage,2,-2.03,False,ALL-ALIGN BULL,63.1
BHARTIARTL,2022-08-26,T1,2022-08-29,717.7,726.6,2022-08-30,stage,2,1.24,False,ALL-ALIGN BULL,62.1
BHARTIARTL,2022-09-06,T1,2022-09-07,755.5,769.15,2022-09-12,stage,4,1.81,False,ALL-ALIGN BULL,71.1
BHARTIARTL,2022-11-21,T1,2022-11-22,853.4,833.35,2022-12-06,stage,11,-2.35,False,TOP-WARNING,67.4
BHARTIARTL,2023-03-09,T1,2023-03-10,773.0,765.3,2023-03-13,stage,2,-1.0,False,EARLY-UP,52.3
BHARTIARTL,2023-05-08,T1,2023-05-09,796.9,792.25,2023-05-17,stage,7,-0.58,False,ALL-ALIGN BULL,60.7
BHARTIARTL,2023-05-19,T1,2023-05-22,801.0,833.5,2023-06-09,time,15,4.06,False,ALL-ALIGN BULL,63.1
BHARTIARTL,2023-06-20,T2,2023-06-21,832.0,889.95,2023-07-12,time,15,6.97,False,ALL-ALIGN BULL,55.5
BHARTIARTL,2023-08-04,T1,2023-08-07,885.15,874.8,2023-08-10,stage,4,-1.17,False,ALL-ALIGN BULL,57.6
BHARTIARTL,2023-09-20,T1,2023-09-21,910.2,950.35,2023-10-12,time,15,4.41,False,ALL-ALIGN BULL,60.6
BHARTIARTL,2023-11-24,T1,2023-11-28,974.05,990.25,2023-12-18,time,15,1.66,False,ALL-ALIGN BULL,67.8
BHARTIARTL,2023-12-22,T1,2023-12-26,995.0,999.85,2023-12-26,stage,1,0.49,False,EARLY-UP,52.9
BHARTIARTL,2023-12-29,T1,2024-01-01,1031.95,1125.0,2024-01-19,time,15,9.02,False,ALL-ALIGN BULL,66.4
BHARTIARTL,2024-01-05,T1,2024-01-08,1050.0,1158.65,2024-01-30,time,15,10.35,False,ALL-ALIGN BULL,66.3
BHARTIARTL,2024-02-06,T2,2024-02-07,1138.8,1110.05,2024-02-26,stage,14,-2.52,False,ALL-ALIGN BULL,58.2
BHARTIARTL,2024-02-19,T2,2024-02-20,1145.0,1110.05,2024-02-26,stage,5,-3.05,False,ALL-ALIGN BULL,59.8
BHARTIARTL,2024-04-29,T1,2024-04-30,1323.15,1277.4,2024-05-03,stage,3,-3.46,False,ALL-ALIGN BULL,71.3
BHARTIARTL,2024-05-27,T1,2024-05-28,1384.8,1299.7,2024-06-04,stage,6,-6.15,False,ALL-ALIGN BULL,71.7
BHARTIARTL,2024-07-30,T1,2024-07-31,1477.85,1451.8,2024-08-08,stage,7,-1.76,False,ALL-ALIGN BULL,55.5
BHARTIARTL,2024-08-30,T1,2024-09-02,1605.0,1539.25,2024-09-06,stop,5,-4.1,False,TOP-WARNING,73.7
BHARTIARTL,2024-10-09,T2,2024-10-10,1686.6,1685.8,2024-10-23,stage,10,-0.05,False,ALL-ALIGN BULL,55.9
BHARTIARTL,2024-11-25,T1,2024-11-26,1590.0,1577.65,2024-11-27,stage,2,-0.78,False,EARLY-UP,45.3
BHARTIARTL,2024-12-03,T1,2024-12-04,1629.75,1584.1,2024-12-04,stage,1,-2.8,False,ALL-ALIGN BULL,55.2
BHARTIARTL,2025-06-27,T1,2025-06-30,2018.0,1921.9,2025-07-11,stage,10,-4.76,False,TOP-WARNING,79.2
BHARTIARTL,2025-10-20,T1,2025-10-21,2051.8,2073.8,2025-11-12,time,15,1.07,False,TOP-WARNING,75.5
BHARTIARTL,2025-11-12,T2,2025-11-13,2099.9,2104.0,2025-12-02,stage,14,0.2,False,ALL-ALIGN BULL,58.0
BHARTIARTL,2026-02-06,T1,2026-02-09,2051.2,2011.3,2026-02-10,stage,2,-1.95,False,EARLY-UP,54.0
BHARTIARTL,2026-04-29,T1,2026-04-30,1860.0,1827.1,2026-05-04,stage,3,-1.77,False,EARLY-UP,58.2
BHARTIARTL,2026-05-14,T1,2026-05-15,1883.2,1885.3,2026-05-21,stage,5,0.11,False,EARLY-UP,57.1
BHARTIARTL,2026-08-07,T1,2026-08-10,1955.0,1945.0,2026-08-12,stage,3,-0.51,False,ALL-ALIGN BULL,57.4
BHARTIARTL,2026-08-14,T1,2026-08-17,1984.2,1934.2,2026-08-18,stage,2,-2.52,False,ALL-ALIGN BULL,61.3
HDFCBANK,2014-03-11,T1,2014-03-12,180.31,182.98,2014-04-02,time,15,1.48,False,TOP-WARNING,72.2
HDFCBANK,2014-04-09,T2,2014-04-10,186.16,180.99,2014-04-15,stage,3,-2.78,False,ALL-ALIGN BULL,61.7
HDFCBANK,2014-05-16,T1,2014-05-19,203.98,198.19,2014-05-30,stage,10,-2.84,False,TOP-WARNING,73.0
HDFCBANK,2014-09-09,T1,2014-09-10,216.25,213.86,2014-09-24,stage,11,-1.11,False,ALL-ALIGN BULL,64.0
HDFCBANK,2014-09-18,T2,2014-09-19,215.0,213.86,2014-09-24,stage,4,-0.53,False,ALL-ALIGN BULL,57.1
HDFCBANK,2014-09-26,T1,2014-09-29,218.25,223.41,2014-10-22,time,15,2.36,False,ALL-ALIGN BULL,61.2
HDFCBANK,2014-10-08,T2,2014-10-09,218.5,227.96,2014-10-31,time,15,4.33,False,ALL-ALIGN BULL,56.9
HDFCBANK,2014-10-13,T2,2014-10-14,221.25,224.86,2014-11-07,time,15,1.63,False,ALL-ALIGN BULL,57.5
HDFCBANK,2014-10-17,T2,2014-10-20,223.5,228.99,2014-11-13,time,15,2.46,False,ALL-ALIGN BULL,59.2
HDFCBANK,2014-12-04,T2,2014-12-05,235.25,233.4,2014-12-11,stage,5,-0.79,False,ALL-ALIGN BULL,58.3
HDFCBANK,2015-01-21,T1,2015-01-22,256.25,269.0,2015-02-12,time,15,4.98,False,TOP-WARNING,72.7
HDFCBANK,2015-02-10,T2,2015-02-11,264.5,259.54,2015-02-26,stage,11,-1.88,False,ALL-ALIGN BULL,58.3
HDFCBANK,2015-02-27,T1,2015-03-02,270.09,264.51,2015-03-17,stage,11,-2.07,False,EARLY-UP,52.2
HDFCBANK,2015-03-02,T2,2015-03-03,271.61,264.51,2015-03-17,stage,10,-2.61,False,ALL-ALIGN BULL,60.4
HDFCBANK,2015-07-07,T1,2015-07-08,269.77,273.96,2015-07-27,stage,14,1.55,False,ALL-ALIGN BULL,67.3
HDFCBANK,2015-09-18,T1,2015-09-21,259.49,257.66,2015-09-22,stage,2,-0.71,False,ALL-ALIGN BULL,56.0
HDFCBANK,2016-01-25,T1,2016-01-27,262.11,253.24,2016-02-10,stage,11,-3.38,False,EARLY-UP,45.6
HDFCBANK,2016-05-05,T1,2016-05-06,283.0,295.81,2016-05-26,time,15,4.53,False,ALL-ALIGN BULL,69.1
HDFCBANK,2016-06-10,T2,2016-06-13,288.69,293.62,2016-07-01,time,15,1.71,False,ALL-ALIGN BULL,55.1
HDFCBANK,2016-06-15,T2,2016-06-16,291.64,291.4,2016-07-05,stage,14,-0.08,False,ALL-ALIGN BULL,58.5
HDFCBANK,2016-06-17,T2,2016-06-20,289.75,291.4,2016-07-05,stage,12,0.57,False,ALL-ALIGN BULL,57.7
HDFCBANK,2016-06-30,T2,2016-07-01,295.0,291.4,2016-07-05,stage,3,-1.22,False,ALL-ALIGN BULL,56.7
HDFCBANK,2016-07-11,T1,2016-07-12,302.48,310.58,2016-08-01,time,15,2.68,False,ALL-ALIGN BULL,62.7
HDFCBANK,2016-08-18,T1,2016-08-19,312.5,322.6,2016-09-09,time,15,3.23,False,ALL-ALIGN BULL,64.3
HDFCBANK,2016-08-30,T2,2016-08-31,317.25,326.73,2016-09-22,time,15,2.99,False,ALL-ALIGN BULL,63.3
HDFCBANK,2016-09-15,T2,2016-09-16,320.95,319.38,2016-09-29,stage,10,-0.49,False,ALL-ALIGN BULL,57.2
HDFCBANK,2016-10-03,T1,2016-10-04,322.15,322.39,2016-10-04,stage,1,0.07,False,EARLY-UP,53.1
HDFCBANK,2017-01-10,T1,2017-01-11,304.38,326.42,2017-02-01,time,15,7.24,False,ALL-ALIGN BULL,59.4
HDFCBANK,2017-07-03,T2,2017-07-04,415.06,433.77,2017-07-24,time,15,4.51,False,ALL-ALIGN BULL,55.6
HDFCBANK,2017-07-07,T2,2017-07-10,417.0,444.62,2017-07-28,time,15,6.62,False,ALL-ALIGN BULL,58.6
HDFCBANK,2017-08-14,T2,2017-08-16,440.59,439.98,2017-09-06,time,15,-0.14,False,ALL-ALIGN BULL,56.8
HDFCBANK,2017-08-23,T2,2017-08-24,443.73,439.98,2017-09-06,stage,9,-0.85,False,ALL-ALIGN BULL,58.4
HDFCBANK,2017-08-30,T2,2017-08-31,443.0,439.98,2017-09-06,stage,5,-0.68,False,ALL-ALIGN BULL,55.9
HDFCBANK,2017-09-07,T1,2017-09-08,443.35,446.91,2017-09-08,stage,1,0.8,False,EARLY-UP,54.4
HDFCBANK,2017-09-11,T1,2017-09-12,456.92,449.94,2017-09-25,stage,10,-1.53,False,ALL-ALIGN BULL,68.2
HDFCBANK,2017-10-24,T1,2017-10-25,465.0,448.77,2017-10-25,stage,1,-3.49,False,ALL-ALIGN BULL,63.6
HDFCBANK,2018-01-23,T1,2018-01-24,488.14,474.2,2018-02-06,stage,9,-2.86,False,ALL-ALIGN BULL,68.6
HDFCBANK,2018-07-16,T1,2018-07-17,540.81,530.41,2018-08-03,stage,14,-1.92,False,ALL-ALIGN BULL,66.6
HDFCBANK,2018-10-15,T1,2018-10-16,500.75,493.65,2018-10-17,stage,2,-1.42,False,EARLY-UP,51.8
HDFCBANK,2018-12-03,T1,2018-12-04,526.35,520.16,2018-12-24,time,15,-1.18,False,ALL-ALIGN BULL,69.7
HDFCBANK,2018-12-12,T2,2018-12-13,523.75,527.95,2019-01-03,time,15,0.8,False,ALL-ALIGN BULL,57.9
HDFCBANK,2018-12-26,T2,2018-12-27,533.25,527.12,2019-01-10,stage,11,-1.15,False,ALL-ALIGN BULL,58.0
HDFCBANK,2018-12-28,T2,2018-12-31,534.25,527.12,2019-01-10,stage,9,-1.33,False,ALL-ALIGN BULL,57.3
HDFCBANK,2019-03-19,T1,2019-03-20,567.25,564.38,2019-04-11,time,15,-0.51,False,TOP-WARNING,76.6
HDFCBANK,2019-04-12,T2,2019-04-15,567.5,572.72,2019-05-09,time,15,0.92,False,ALL-ALIGN BULL,55.0
HDFCBANK,2019-04-30,T2,2019-05-02,580.88,572.72,2019-05-09,stage,6,-1.4,False,ALL-ALIGN BULL,60.7
HDFCBANK,2019-08-27,T1,2019-08-28,562.5,561.88,2019-08-28,stage,1,-0.11,False,EARLY-UP,50.7
HDFCBANK,2019-09-26,T1,2019-09-27,624.12,619.65,2019-10-22,time,15,-0.72,False,ALL-ALIGN BULL,69.9
HDFCBANK,2019-10-09,T2,2019-10-10,610.9,615.17,2019-10-31,time,15,0.7,False,ALL-ALIGN BULL,59.5
HDFCBANK,2019-10-15,T2,2019-10-16,615.83,628.33,2019-11-06,time,15,2.03,False,ALL-ALIGN BULL,57.7
HDFCBANK,2019-11-29,T2,2019-12-02,636.97,625.83,2019-12-04,stage,3,-1.75,False,ALL-ALIGN BULL,57.7
HDFCBANK,2020-04-20,T1,2020-04-21,462.5,460.83,2020-04-21,stage,1,-0.36,False,EARLY-UP,50.6
HDFCBANK,2020-04-23,T1,2020-04-24,466.5,469.02,2020-04-24,stage,1,0.54,False,EARLY-UP,52.0
HDFCBANK,2020-10-09,T1,2020-10-12,615.78,584.62,2020-10-15,stop,4,-5.06,False,TOP-WARNING,77.9
HDFCBANK,2020-11-02,T2,2020-11-03,613.22,697.3,2020-11-23,time,15,13.71,False,ALL-ALIGN BULL,57.5
HDFCBANK,2020-12-04,T2,2020-12-07,687.5,706.42,2020-12-28,time,15,2.75,False,ALL-ALIGN BULL,56.0
HDFCBANK,2020-12-09,T2,2020-12-10,699.0,718.15,2020-12-31,time,15,2.74,False,ALL-ALIGN BULL,59.0
HDFCBANK,2020-12-15,T2,2020-12-16,702.0,708.0,2021-01-04,stage,13,0.85,False,ALL-ALIGN BULL,55.4
HDFCBANK,2020-12-28,T2,2020-12-29,710.53,708.0,2021-01-04,stage,5,-0.36,False,ALL-ALIGN BULL,56.7
HDFCBANK,2021-01-14,T1,2021-01-15,734.55,704.8,2021-01-27,stage,8,-4.05,False,ALL-ALIGN BULL,63.4
HDFCBANK,2021-01-25,T2,2021-01-27,734.0,704.8,2021-01-27,stage,1,-3.98,False,ALL-ALIGN BULL,55.3
HDFCBANK,2021-02-05,T1,2021-02-08,810.0,769.55,2021-02-19,stage,10,-4.99,False,ALL-ALIGN BULL,69.1
HDFCBANK,2021-08-30,T1,2021-08-31,781.75,775.97,2021-09-21,time,15,-0.74,False,ALL-ALIGN BULL,68.6
HDFCBANK,2021-09-16,T2,2021-09-17,784.5,785.0,2021-09-23,stage,5,0.06,False,ALL-ALIGN BULL,56.5
HDFCBANK,2021-09-24,T1,2021-09-27,807.85,792.88,2021-10-04,stage,6,-1.85,False,ALL-ALIGN BULL,62.9
HDFCBANK,2021-10-13,T1,2021-10-14,819.0,796.8,2021-10-28,stage,10,-2.71,False,ALL-ALIGN BULL,64.8
HDFCBANK,2022-01-03,T1,2022-01-04,760.0,764.28,2022-01-04,stage,1,0.56,False,ALL-ALIGN BULL,57.7
HDFCBANK,2022-01-05,T1,2022-01-06,771.5,764.62,2022-01-18,stage,9,-0.89,False,ALL-ALIGN BULL,66.2
HDFCBANK,2022-01-14,T2,2022-01-17,765.0,764.62,2022-01-18,stage,2,-0.05,False,ALL-ALIGN BULL,56.5
HDFCBANK,2022-08-05,T1,2022-08-08,714.0,719.7,2022-08-29,stage,14,0.8,False,EARLY-UP,62.0
HDFCBANK,2022-08-08,T2,2022-08-10,730.67,719.7,2022-08-29,stage,13,-1.5,False,ALL-ALIGN BULL,69.7
HDFCBANK,2022-08-30,T1,2022-09-01,732.38,759.17,2022-09-21,time,15,3.66,False,ALL-ALIGN BULL,60.1
HDFCBANK,2022-09-19,T2,2022-09-20,757.0,743.0,2022-09-22,stage,3,-1.85,False,ALL-ALIGN BULL,56.5
HDFCBANK,2022-11-16,T1,2022-11-17,809.05,805.22,2022-12-07,time,15,-0.47,False,TOP-WARNING,78.8
HDFCBANK,2022-12-26,T1,2022-12-27,816.5,815.55,2022-12-27,stage,1,-0.12,False,ALL-ALIGN BULL,55.9
HDFCBANK,2023-04-24,T1,2023-04-25,843.85,812.83,2023-05-05,stage,8,-3.68,False,ALL-ALIGN BULL,65.8
HDFCBANK,2023-05-04,T1,2023-05-05,819.5,812.83,2023-05-05,stage,1,-0.81,False,ALL-ALIGN BULL,71.2
HDFCBANK,2023-09-07,T1,2023-09-08,804.15,811.7,2023-09-08,stage,1,0.94,False,EARLY-UP,52.5
HDFCBANK,2023-09-15,T1,2023-09-18,826.88,814.53,2023-09-18,stage,1,-1.49,False,ALL-ALIGN BULL,66.8
HDFCBANK,2023-12-06,T1,2023-12-07,812.5,852.62,2023-12-28,time,15,4.94,False,TOP-WARNING,79.2
HDFCBANK,2024-01-15,T2,2024-01-16,836.5,768.75,2024-01-17,stage,2,-8.1,False,ALL-ALIGN BULL,56.5
HDFCBANK,2024-03-13,T1,2024-03-14,731.05,727.72,2024-03-14,stage,1,-0.46,False,EARLY-UP,54.3
HDFCBANK,2024-04-10,T1,2024-04-12,760.5,747.35,2024-04-15,stage,2,-1.73,False,EARLY-UP,67.5
HDFCBANK,2024-06-27,T1,2024-06-28,848.8,817.67,2024-07-08,stage,7,-3.67,False,ALL-ALIGN BULL,71.7
HDFCBANK,2024-09-19,T1,2024-09-20,858.25,841.0,2024-10-03,stage,9,-2.01,False,ALL-ALIGN BULL,71.1
HDFCBANK,2024-10-16,T1,2024-10-17,847.47,836.58,2024-10-17,stage,1,-1.29,False,EARLY-UP,53.9
HDFCBANK,2024-12-04,T1,2024-12-05,930.0,905.35,2024-12-18,stage,10,-2.65,False,ALL-ALIGN BULL,70.7
HDFCBANK,2025-01-30,T1,2025-01-31,843.62,839.0,2025-02-03,stage,3,-0.55,False,EARLY-UP,49.4
HDFCBANK,2025-02-06,T1,2025-02-07,875.0,853.4,2025-02-12,stage,4,-2.47,False,ALL-ALIGN BULL,60.1
HDFCBANK,2025-03-26,T1,2025-03-27,900.0,980.85,2025-04-22,time,15,8.98,False,ALL-ALIGN BULL,69.4
HDFCBANK,2025-04-02,T2,2025-04-03,890.55,960.1,2025-04-28,time,15,7.81,False,ALL-ALIGN BULL,59.7
HDFCBANK,2025-04-11,T2,2025-04-15,932.5,972.8,2025-05-07,time,15,4.32,False,ALL-ALIGN BULL,58.3
HDFCBANK,2025-05-12,T2,2025-05-13,975.0,961.75,2025-05-28,stage,12,-1.36,False,ALL-ALIGN BULL,63.1
HDFCBANK,2025-05-15,T2,2025-05-16,966.9,961.75,2025-05-28,stage,9,-0.53,False,ALL-ALIGN BULL,57.6
HDFCBANK,2025-05-21,T2,2025-05-22,957.6,961.75,2025-05-28,stage,5,0.43,False,ALL-ALIGN BULL,55.4
HDFCBANK,2025-05-23,T2,2025-05-26,967.5,961.75,2025-05-28,stage,3,-0.59,False,ALL-ALIGN BULL,56.4
HDFCBANK,2025-10-23,T1,2025-10-24,1011.0,987.3,2025-10-31,stage,6,-2.34,False,TOP-WARNING,73.2
HDFCBANK,2026-02-03,T1,2026-02-04,952.5,927.1,2026-02-11,stage,6,-2.67,False,EARLY-UP,51.8
HDFCBANK,2026-07-07,T1,2026-07-08,825.9,815.45,2026-07-15,stage,6,-1.27,False,EARLY-UP,70.5
HINDUNILVR,2014-03-31,T1,2014-04-01,605.0,596.45,2014-04-22,stage,13,-1.41,False,TOP-WARNING,76.1
HINDUNILVR,2014-05-15,T1,2014-05-16,599.85,555.8,2014-05-19,stage,2,-7.34,False,EARLY-UP,58.1
HINDUNILVR,2014-06-05,T1,2014-06-06,637.0,618.65,2014-06-26,time,15,-2.88,False,ALL-ALIGN BULL,70.7
HINDUNILVR,2014-06-25,T2,2014-06-26,627.0,622.95,2014-07-14,stage,13,-0.65,False,ALL-ALIGN BULL,58.0
HINDUNILVR,2014-07-01,T2,2014-07-02,633.8,622.95,2014-07-14,stage,9,-1.71,False,ALL-ALIGN BULL,58.9
HINDUNILVR,2014-07-28,T1,2014-07-30,689.9,711.85,2014-08-20,time,15,3.18,False,TOP-WARNING,76.9
HINDUNILVR,2014-09-22,T2,2014-09-23,741.0,736.15,2014-10-01,stage,7,-0.65,False,ALL-ALIGN BULL,56.8
HINDUNILVR,2014-10-16,T1,2014-10-17,732.0,726.3,2014-10-17,stage,1,-0.78,False,EARLY-UP,47.0
HINDUNILVR,2014-12-02,T1,2014-12-03,807.4,766.65,2014-12-16,stage,10,-5.05,False,ALL-ALIGN BULL,70.0
HINDUNILVR,2015-01-08,T1,2015-01-09,818.5,932.55,2015-01-30,time,15,13.93,False,ALL-ALIGN BULL,69.3
HINDUNILVR,2015-02-05,T2,2015-02-06,906.0,886.15,2015-02-23,stage,11,-2.19,False,ALL-ALIGN BULL,56.4
HINDUNILVR,2015-02-16,T2,2015-02-18,902.0,886.15,2015-02-23,stage,4,-1.76,False,ALL-ALIGN BULL,55.3
HINDUNILVR,2015-07-01,T1,2015-07-02,919.8,891.3,2015-07-21,stage,14,-3.1,False,ALL-ALIGN BULL,68.2
HINDUNILVR,2015-07-13,T2,2015-07-14,910.5,891.3,2015-07-21,stage,6,-2.11,False,ALL-ALIGN BULL,58.3
HINDUNILVR,2015-10-01,T1,2015-10-05,820.55,809.8,2015-10-05,stage,1,-1.31,False,EARLY-UP,49.5
HINDUNILVR,2015-10-06,T1,2015-10-07,818.0,818.0,2015-10-09,stage,3,0.0,False,EARLY-UP,55.0
HINDUNILVR,2016-11-30,T1,2016-12-01,844.0,831.45,2016-12-02,stage,2,-1.49,False,EARLY-UP,54.5
HINDUNILVR,2017-01-11,T1,2017-01-12,843.7,845.3,2017-02-02,time,15,0.19,False,EARLY-UP,60.5
HINDUNILVR,2017-01-25,T2,2017-01-27,869.0,846.1,2017-02-16,time,15,-2.64,False,ALL-ALIGN BULL,67.4
HINDUNILVR,2017-03-01,T2,2017-03-02,878.0,902.0,2017-03-23,time,15,2.73,False,ALL-ALIGN BULL,63.2
HINDUNILVR,2017-04-20,T2,2017-04-21,919.5,980.2,2017-05-12,time,15,6.6,False,ALL-ALIGN BULL,55.6
HINDUNILVR,2017-04-25,T2,2017-04-26,924.0,1009.4,2017-05-17,time,15,9.24,False,ALL-ALIGN BULL,59.2
HINDUNILVR,2017-07-03,T2,2017-07-04,1104.4,1159.35,2017-07-24,time,15,4.98,False,ALL-ALIGN BULL,57.9
HINDUNILVR,2017-07-05,T2,2017-07-06,1096.7,1164.55,2017-07-26,time,15,6.19,False,ALL-ALIGN BULL,56.8
HINDUNILVR,2017-07-07,T2,2017-07-10,1102.5,1153.85,2017-07-28,time,15,4.66,False,ALL-ALIGN BULL,56.8
HINDUNILVR,2017-08-16,T2,2017-08-17,1185.0,1208.75,2017-09-07,time,15,2.0,False,ALL-ALIGN BULL,61.4
HINDUNILVR,2017-08-28,T2,2017-08-29,1195.15,1280.05,2017-09-18,time,15,7.1,False,ALL-ALIGN BULL,59.9
HINDUNILVR,2017-12-21,T1,2017-12-22,1341.3,1374.0,2018-01-12,time,15,2.44,False,ALL-ALIGN BULL,66.9
HINDUNILVR,2018-01-19,T2,2018-01-22,1363.0,1325.35,2018-02-06,stage,11,-2.76,False,ALL-ALIGN BULL,55.4
HINDUNILVR,2018-01-23,T2,2018-01-24,1368.0,1325.35,2018-02-06,stage,9,-3.12,False,ALL-ALIGN BULL,57.0
HINDUNILVR,2018-02-15,T1,2018-02-16,1364.0,1335.9,2018-02-19,stage,2,-2.06,False,EARLY-UP,52.2
HINDUNILVR,2018-04-13,T1,2018-04-16,1408.9,1497.9,2018-05-07,time,15,6.32,False,TOP-WARNING,72.9
HINDUNILVR,2018-06-22,T2,2018-06-25,1616.0,1742.65,2018-07-13,time,15,7.84,False,ALL-ALIGN BULL,57.8
HINDUNILVR,2018-06-29,T2,2018-07-02,1640.9,1655.85,2018-07-20,time,15,0.91,False,ALL-ALIGN BULL,63.3
HINDUNILVR,2018-07-23,T1,2018-07-24,1700.0,1659.0,2018-07-27,stage,4,-2.41,False,ALL-ALIGN BULL,56.7
HINDUNILVR,2018-07-30,T1,2018-07-31,1690.0,1744.25,2018-08-14,stage,11,3.21,False,ALL-ALIGN BULL,55.7
HINDUNILVR,2018-11-28,T1,2018-11-29,1745.9,1844.8,2018-12-19,time,15,5.66,False,ALL-ALIGN BULL,63.4
HINDUNILVR,2019-02-01,T1,2019-02-04,1799.9,1804.8,2019-02-11,stage,6,0.27,False,ALL-ALIGN BULL,57.5
HINDUNILVR,2019-06-10,T1,2019-06-11,1855.1,1809.6,2019-06-18,stage,6,-2.45,False,ALL-ALIGN BULL,68.3
HINDUNILVR,2019-08-21,T1,2019-08-22,1850.45,1805.55,2019-09-13,time,15,-2.43,False,ALL-ALIGN BULL,67.1
HINDUNILVR,2019-09-20,T1,2019-09-23,1984.0,2064.4,2019-10-15,time,15,4.05,False,ALL-ALIGN BULL,71.6
HINDUNILVR,2019-10-09,T2,2019-10-10,1948.0,2175.35,2019-10-31,time,15,11.67,False,ALL-ALIGN BULL,55.6
HINDUNILVR,2019-11-27,T1,2019-11-28,2097.95,2087.15,2019-11-28,stage,1,-0.51,False,EARLY-UP,54.8
HINDUNILVR,2020-01-14,T1,2020-01-15,2011.15,2034.25,2020-01-31,stage,13,1.15,False,ALL-ALIGN BULL,60.9
HINDUNILVR,2020-02-03,T1,2020-02-04,2177.0,2233.6,2020-02-25,time,15,2.6,False,TOP-WARNING,75.0
HINDUNILVR,2020-03-05,T2,2020-03-06,2185.0,2155.0,2020-03-11,stage,3,-1.37,False,ALL-ALIGN BULL,56.4
HINDUNILVR,2020-04-07,T1,2020-04-08,2432.0,2231.75,2020-04-29,stage,14,-8.23,False,ALL-ALIGN BULL,63.2
HINDUNILVR,2020-04-22,T2,2020-04-23,2389.0,2231.75,2020-04-29,stage,5,-6.58,False,ALL-ALIGN BULL,56.6
HINDUNILVR,2020-07-15,T1,2020-07-16,2275.25,2209.3,2020-07-24,stage,7,-2.9,False,ALL-ALIGN BULL,66.5
HINDUNILVR,2020-12-11,T1,2020-12-14,2380.95,2426.5,2021-01-04,time,15,1.91,False,TOP-WARNING,78.0
HINDUNILVR,2021-01-14,T2,2021-01-15,2392.5,2332.6,2021-01-18,stage,2,-2.5,False,ALL-ALIGN BULL,56.8
HINDUNILVR,2021-08-24,T1,2021-08-25,2632.0,2775.45,2021-09-15,time,15,5.45,False,TOP-WARNING,80.8
HINDUNILVR,2021-10-04,T1,2021-10-05,2686.2,2640.05,2021-10-08,stage,4,-1.72,False,EARLY-UP,47.2
HINDUNILVR,2022-01-03,T1,2022-01-04,2368.95,2363.7,2022-01-14,stage,9,-0.22,False,EARLY-UP,56.6
HINDUNILVR,2022-04-04,T1,2022-04-05,2144.5,2132.25,2022-04-12,stage,6,-0.57,False,EARLY-UP,56.3
HINDUNILVR,2022-06-01,T1,2022-06-02,2295.0,2280.5,2022-06-06,stage,3,-0.63,False,EARLY-UP,56.6
HINDUNILVR,2022-07-11,T1,2022-07-12,2475.0,2593.0,2022-08-01,time,15,4.77,False,ALL-ALIGN BULL,69.3
HINDUNILVR,2022-12-08,T1,2022-12-09,2724.7,2666.2,2022-12-21,stage,9,-2.15,False,ALL-ALIGN BULL,65.9
HINDUNILVR,2023-04-06,T1,2023-04-10,2565.25,2532.15,2023-04-10,stage,1,-1.29,False,ALL-ALIGN BULL,58.9
HINDUNILVR,2023-06-05,T1,2023-06-06,2700.0,2643.45,2023-06-12,stage,5,-2.09,False,ALL-ALIGN BULL,65.4
HINDUNILVR,2023-10-04,T1,2023-10-05,2518.0,2519.55,2023-10-05,stage,1,0.06,False,EARLY-UP,51.2
HINDUNILVR,2023-12-04,T1,2023-12-05,2637.0,2563.25,2023-12-05,stop,1,-2.8,False,ALL-ALIGN BULL,70.9
HINDUNILVR,2023-12-19,T2,2023-12-20,2572.95,2577.4,2024-01-10,time,15,0.17,False,ALL-ALIGN BULL,59.1
HINDUNILVR,2023-12-22,T2,2023-12-26,2575.6,2536.2,2024-01-11,stage,13,-1.53,False,ALL-ALIGN BULL,61.8
HINDUNILVR,2024-01-05,T2,2024-01-08,2624.95,2536.2,2024-01-11,stage,4,-3.38,False,ALL-ALIGN BULL,60.0
HINDUNILVR,2024-05-07,T1,2024-05-08,2366.4,2373.4,2024-05-29,time,15,0.3,False,EARLY-UP,69.6
HINDUNILVR,2024-06-04,T1,2024-06-05,2533.55,2432.2,2024-06-25,stop,14,-4.0,False,ALL-ALIGN BULL,69.5
HINDUNILVR,2024-06-20,T2,2024-06-21,2475.0,2608.85,2024-07-11,time,15,5.41,False,ALL-ALIGN BULL,55.7
HINDUNILVR,2024-07-01,T2,2024-07-02,2515.0,2766.35,2024-07-23,time,15,9.99,False,ALL-ALIGN BULL,59.0
HINDUNILVR,2025-01-03,T1,2025-01-06,2418.0,2373.0,2025-01-15,stage,8,-1.86,False,EARLY-UP,52.4
HINDUNILVR,2025-07-11,T1,2025-07-14,2500.0,2415.4,2025-07-25,stop,10,-3.38,False,TOP-WARNING,74.1
HINDUNILVR,2025-07-29,T2,2025-07-30,2442.0,2669.8,2025-08-20,time,15,9.33,False,ALL-ALIGN BULL,55.9
HINDUNILVR,2025-07-31,T2,2025-08-01,2550.0,2629.9,2025-08-22,time,15,3.13,False,ALL-ALIGN BULL,64.1
HINDUNILVR,2025-08-18,T2,2025-08-19,2572.2,2642.0,2025-09-09,time,15,2.71,False,ALL-ALIGN BULL,63.3
HINDUNILVR,2026-01-02,T1,2026-01-05,2341.5,2409.5,2026-01-23,time,15,2.9,False,EARLY-UP,52.8
HINDUNILVR,2026-01-06,T2,2026-01-07,2416.0,2378.4,2026-01-28,time,15,-1.56,False,ALL-ALIGN BULL,65.7
HINDUNILVR,2026-02-03,T1,2026-02-04,2360.6,2424.2,2026-02-06,stage,3,2.69,False,EARLY-UP,49.8
HINDUNILVR,2026-04-08,T1,2026-04-09,2145.5,2139.1,2026-04-16,stage,5,-0.3,False,EARLY-UP,48.1
HINDUNILVR,2026-04-21,T1,2026-04-22,2310.4,2307.2,2026-05-11,stage,14,-0.14,False,EARLY-UP,66.0
ICICIBANK,2014-02-18,T1,2014-02-19,188.35,187.44,2014-02-19,stage,1,-0.48,False,ALL-ALIGN BULL,56.8
ICICIBANK,2014-03-07,T1,2014-03-10,215.27,226.37,2014-03-31,time,15,5.16,False,TOP-WARNING,77.8
ICICIBANK,2014-04-16,T2,2014-04-17,223.65,226.07,2014-04-30,stage,9,1.08,False,ALL-ALIGN BULL,55.1
ICICIBANK,2014-05-13,T1,2014-05-14,252.18,265.15,2014-06-03,time,15,5.14,False,TOP-WARNING,76.3
ICICIBANK,2014-06-17,T2,2014-06-18,262.88,251.75,2014-06-27,stage,8,-4.23,False,ALL-ALIGN BULL,55.2
ICICIBANK,2014-11-07,T1,2014-11-10,305.58,318.98,2014-11-28,time,15,4.39,False,TOP-WARNING,75.5
ICICIBANK,2014-12-19,T1,2014-12-22,323.18,321.0,2014-12-24,stage,3,-0.67,False,ALL-ALIGN BULL,59.7
ICICIBANK,2016-03-02,T1,2016-03-03,198.73,205.82,2016-03-16,stage,9,3.57,False,EARLY-UP,58.9
ICICIBANK,2016-03-17,T1,2016-03-18,207.45,202.32,2016-04-06,stage,12,-2.47,False,EARLY-UP,62.9
ICICIBANK,2016-04-22,T1,2016-04-25,230.09,206.14,2016-05-02,stage,6,-10.41,False,EARLY-UP,67.5
ICICIBANK,2016-06-10,T1,2016-06-13,225.82,222.68,2016-06-14,stage,2,-1.39,False,ALL-ALIGN BULL,64.0
ICICIBANK,2016-07-21,T1,2016-07-22,238.5,226.82,2016-08-01,stage,7,-4.9,False,ALL-ALIGN BULL,59.8
ICICIBANK,2016-07-25,T1,2016-07-26,244.05,226.82,2016-08-01,stage,5,-7.06,False,ALL-ALIGN BULL,64.7
ICICIBANK,2017-02-07,T1,2017-02-08,261.82,253.45,2017-02-16,stage,7,-3.2,False,ALL-ALIGN BULL,67.2
ICICIBANK,2017-05-22,T1,2017-05-23,275.59,287.05,2017-06-12,time,15,4.16,False,ALL-ALIGN BULL,61.3
ICICIBANK,2017-06-14,T2,2017-06-15,290.0,293.75,2017-07-06,time,15,1.29,False,ALL-ALIGN BULL,57.6
ICICIBANK,2017-06-19,T2,2017-06-20,290.75,291.45,2017-07-10,stage,14,0.24,False,ALL-ALIGN BULL,58.6
ICICIBANK,2017-06-28,T2,2017-06-29,291.5,291.45,2017-07-10,stage,8,-0.02,False,ALL-ALIGN BULL,55.2
ICICIBANK,2017-07-05,T2,2017-07-06,294.0,291.45,2017-07-10,stage,3,-0.87,False,ALL-ALIGN BULL,57.3
ICICIBANK,2017-07-19,T1,2017-07-20,302.0,296.15,2017-07-28,stage,7,-1.94,False,ALL-ALIGN BULL,64.5
ICICIBANK,2017-07-26,T1,2017-07-27,314.45,296.15,2017-07-28,stage,2,-5.82,False,ALL-ALIGN BULL,71.7
ICICIBANK,2017-10-25,T1,2017-10-26,299.8,315.5,2017-11-15,time,15,5.24,False,ALL-ALIGN BULL,69.3
ICICIBANK,2017-11-29,T2,2017-11-30,314.95,305.25,2017-12-01,stage,2,-3.08,False,ALL-ALIGN BULL,56.2
ICICIBANK,2018-01-22,T1,2018-01-23,350.45,329.7,2018-02-05,stage,9,-5.92,False,TOP-WARNING,77.0
ICICIBANK,2018-04-17,T1,2018-04-18,293.7,290.05,2018-04-18,stage,1,-1.24,False,EARLY-UP,52.0
ICICIBANK,2018-08-06,T1,2018-08-07,313.95,340.65,2018-08-29,time,15,8.5,False,ALL-ALIGN BULL,70.5
ICICIBANK,2018-09-07,T2,2018-09-10,331.8,322.9,2018-09-12,stage,3,-2.68,False,ALL-ALIGN BULL,58.9
ICICIBANK,2018-09-14,T1,2018-09-17,327.3,325.7,2018-09-17,stage,1,-0.49,False,EARLY-UP,52.4
ICICIBANK,2018-10-30,T1,2018-10-31,345.5,356.75,2018-11-21,time,15,3.26,False,ALL-ALIGN BULL,62.8
ICICIBANK,2018-11-26,T2,2018-11-27,355.75,347.65,2018-12-06,stage,8,-2.28,False,ALL-ALIGN BULL,56.6
ICICIBANK,2018-12-04,T2,2018-12-05,355.3,347.65,2018-12-06,stage,2,-2.15,False,ALL-ALIGN BULL,56.0
ICICIBANK,2018-12-07,T1,2018-12-10,346.5,346.35,2018-12-10,stage,1,-0.04,False,EARLY-UP,50.9
ICICIBANK,2019-03-18,T1,2019-03-19,398.4,394.2,2019-04-10,time,15,-1.05,False,TOP-WARNING,73.9
ICICIBANK,2019-04-09,T2,2019-04-10,395.55,401.3,2019-05-06,time,15,1.45,False,ALL-ALIGN BULL,60.6
ICICIBANK,2019-04-12,T2,2019-04-15,394.2,386.5,2019-05-07,stage,13,-1.95,False,ALL-ALIGN BULL,57.3
ICICIBANK,2019-04-24,T2,2019-04-25,400.9,386.5,2019-05-07,stage,7,-3.59,False,ALL-ALIGN BULL,58.0
ICICIBANK,2019-04-26,T2,2019-04-30,407.75,386.5,2019-05-07,stage,5,-5.21,False,ALL-ALIGN BULL,60.4
ICICIBANK,2019-05-03,T2,2019-05-06,396.5,386.5,2019-05-07,stage,2,-2.52,False,ALL-ALIGN BULL,55.2
ICICIBANK,2019-05-24,T1,2019-05-27,432.25,416.6,2019-06-07,stage,9,-3.62,False,ALL-ALIGN BULL,68.8
ICICIBANK,2019-10-29,T1,2019-10-30,479.0,495.0,2019-11-20,time,15,3.34,False,ALL-ALIGN BULL,70.1
ICICIBANK,2020-01-09,T1,2020-01-10,544.9,522.85,2020-01-22,stage,9,-4.05,False,ALL-ALIGN BULL,61.4
ICICIBANK,2020-04-17,T1,2020-04-20,376.0,331.85,2020-04-21,stage,2,-11.74,False,EARLY-UP,51.6
ICICIBANK,2020-04-28,T1,2020-04-29,353.0,370.45,2020-04-29,stage,1,4.94,False,EARLY-UP,50.1
ICICIBANK,2020-10-16,T1,2020-10-19,402.05,442.8,2020-11-06,time,15,10.14,False,EARLY-UP,58.3
ICICIBANK,2020-10-19,T2,2020-10-20,413.5,462.7,2020-11-09,time,15,11.9,False,ALL-ALIGN BULL,65.5
ICICIBANK,2020-11-02,T2,2020-11-03,425.0,468.25,2020-11-23,time,15,10.18,False,ALL-ALIGN BULL,59.3
ICICIBANK,2020-12-23,T2,2020-12-24,506.75,553.3,2021-01-14,time,15,9.19,False,ALL-ALIGN BULL,55.8
ICICIBANK,2021-01-19,T2,2021-01-20,546.45,522.35,2021-01-27,stage,5,-4.41,False,ALL-ALIGN BULL,60.2
ICICIBANK,2021-02-01,T1,2021-02-02,613.0,609.85,2021-02-22,time,15,-0.51,False,ALL-ALIGN BULL,71.7
ICICIBANK,2021-02-24,T2,2021-02-25,642.7,597.75,2021-02-26,stop,2,-6.99,False,ALL-ALIGN BULL,60.5
ICICIBANK,2021-03-03,T2,2021-03-04,618.75,608.05,2021-03-08,stage,3,-1.73,False,ALL-ALIGN BULL,56.4
ICICIBANK,2021-08-10,T1,2021-08-11,706.25,688.3,2021-08-18,stage,6,-2.54,False,ALL-ALIGN BULL,63.4
ICICIBANK,2021-09-03,T1,2021-09-06,725.4,714.35,2021-09-15,stage,7,-1.52,False,ALL-ALIGN BULL,67.7
ICICIBANK,2021-09-17,T1,2021-09-20,710.0,710.0,2021-09-20,stage,1,0.0,False,ALL-ALIGN BULL,58.4
ICICIBANK,2021-10-22,T1,2021-10-25,800.0,773.3,2021-11-15,time,15,-3.34,False,ALL-ALIGN BULL,70.1
ICICIBANK,2022-01-13,T1,2022-01-14,821.0,794.65,2022-01-27,stage,9,-3.21,False,TOP-WARNING,76.5
ICICIBANK,2022-07-20,T1,2022-07-21,784.9,859.7,2022-08-11,time,15,9.53,False,ALL-ALIGN BULL,70.3
ICICIBANK,2022-10-06,T1,2022-10-07,877.2,882.55,2022-10-07,stage,1,0.61,False,EARLY-UP,54.1
ICICIBANK,2022-11-28,T1,2022-11-29,933.55,929.9,2022-12-09,stage,9,-0.39,False,ALL-ALIGN BULL,63.8
ICICIBANK,2022-12-08,T2,2022-12-09,932.0,929.9,2022-12-09,stage,1,-0.23,False,ALL-ALIGN BULL,55.2
ICICIBANK,2023-04-24,T1,2023-04-25,906.3,946.35,2023-05-16,time,15,4.42,False,ALL-ALIGN BULL,64.1
ICICIBANK,2023-06-05,T2,2023-06-06,946.5,935.95,2023-06-12,stage,5,-1.11,False,ALL-ALIGN BULL,58.7
ICICIBANK,2023-07-21,T1,2023-07-24,1004.95,965.0,2023-08-03,stop,9,-3.98,False,TOP-WARNING,76.4
ICICIBANK,2023-12-11,T1,2023-12-12,1017.1,982.25,2024-01-02,time,15,-3.43,False,TOP-WARNING,72.9
ICICIBANK,2023-12-27,T2,2023-12-28,1008.0,984.05,2024-01-03,stage,5,-2.38,False,ALL-ALIGN BULL,56.7
ICICIBANK,2024-03-07,T1,2024-03-11,1087.95,1083.6,2024-03-14,stage,4,-0.4,False,ALL-ALIGN BULL,64.6
ICICIBANK,2024-07-10,T1,2024-07-11,1246.35,1239.9,2024-07-16,stage,4,-0.52,False,ALL-ALIGN BULL,67.9
ICICIBANK,2024-07-18,T1,2024-07-19,1244.0,1226.75,2024-07-23,stage,3,-1.39,False,ALL-ALIGN BULL,67.4
ICICIBANK,2024-09-19,T1,2024-09-20,1295.0,1239.75,2024-10-04,stage,10,-4.27,False,TOP-WARNING,72.5
ICICIBANK,2024-10-09,T1,2024-10-10,1246.75,1243.5,2024-10-10,stage,1,-0.26,False,EARLY-UP,45.0
ICICIBANK,2025-01-28,T1,2025-01-29,1252.0,1255.6,2025-01-30,stage,2,0.29,False,EARLY-UP,49.1
ICICIBANK,2025-03-20,T1,2025-03-21,1316.0,1287.55,2025-04-07,stage,11,-2.16,False,TOP-WARNING,75.2
ICICIBANK,2025-04-11,T1,2025-04-15,1351.0,1435.4,2025-05-07,time,15,6.25,False,EARLY-UP,54.5
ICICIBANK,2025-04-15,T2,2025-04-16,1357.0,1435.5,2025-05-08,time,15,5.78,False,ALL-ALIGN BULL,63.1
ICICIBANK,2025-05-12,T2,2025-05-13,1440.1,1444.7,2025-05-21,stage,7,0.32,False,ALL-ALIGN BULL,65.0
ICICIBANK,2025-07-30,T1,2025-07-31,1469.9,1444.4,2025-08-05,stage,4,-1.73,False,ALL-ALIGN BULL,62.7
ICICIBANK,2026-04-08,T1,2026-04-09,1299.9,1326.2,2026-04-24,stage,11,2.02,False,EARLY-UP,55.5
ICICIBANK,2026-04-21,T2,2026-04-22,1380.0,1326.2,2026-04-24,stage,3,-3.9,False,ALL-ALIGN BULL,66.0
ICICIBANK,2026-06-22,T1,2026-06-23,1358.0,1409.5,2026-07-13,time,15,3.79,False,ALL-ALIGN BULL,67.6
ICICIBANK,2026-06-24,T2,2026-06-25,1381.9,1416.2,2026-07-15,time,15,2.48,False,ALL-ALIGN BULL,69.0
INFY,2013-12-20,T1,2013-12-23,437.5,458.12,2014-01-13,time,15,4.71,False,TOP-WARNING,75.8
INFY,2014-01-02,T2,2014-01-03,434.38,474.06,2014-01-23,time,15,9.13,False,ALL-ALIGN BULL,56.3
INFY,2014-01-10,T2,2014-01-13,447.75,462.64,2014-01-31,time,15,3.33,False,ALL-ALIGN BULL,59.5
INFY,2014-02-11,T1,2014-02-12,450.06,448.23,2014-02-13,stage,2,-0.41,False,EARLY-UP,47.7
INFY,2014-02-20,T1,2014-02-21,467.0,458.95,2014-03-10,stage,11,-1.72,False,ALL-ALIGN BULL,59.2
INFY,2014-05-13,T1,2014-05-14,406.28,397.19,2014-05-16,stage,3,-2.24,False,EARLY-UP,55.0
INFY,2014-06-19,T1,2014-06-20,415.0,397.81,2014-06-26,stage,5,-4.14,False,EARLY-UP,63.3
INFY,2014-08-06,T1,2014-08-07,437.38,449.85,2014-08-28,time,15,2.85,False,TOP-WARNING,73.2
INFY,2014-09-16,T2,2014-09-17,459.99,486.08,2014-10-10,time,15,5.67,False,ALL-ALIGN BULL,55.1
INFY,2014-09-25,T2,2014-09-26,460.62,471.62,2014-10-21,time,15,2.39,False,ALL-ALIGN BULL,55.8
INFY,2014-09-29,T2,2014-09-30,468.02,475.38,2014-10-27,time,15,1.57,False,ALL-ALIGN BULL,60.6
INFY,2014-10-10,T2,2014-10-13,486.16,475.38,2014-10-27,stage,9,-2.22,False,ALL-ALIGN BULL,63.0
INFY,2014-11-05,T1,2014-11-07,514.79,545.74,2014-11-27,time,15,6.01,False,ALL-ALIGN BULL,71.9
INFY,2015-01-15,T1,2015-01-16,537.0,557.62,2015-02-06,time,15,3.84,False,ALL-ALIGN BULL,66.1
INFY,2015-02-04,T2,2015-02-05,537.7,564.53,2015-02-26,time,15,4.99,False,ALL-ALIGN BULL,57.4
INFY,2015-05-21,T1,2015-05-22,511.0,511.61,2015-05-22,stage,1,0.12,False,EARLY-UP,52.2
INFY,2015-07-24,T1,2015-07-27,543.45,574.62,2015-08-14,time,15,5.74,False,ALL-ALIGN BULL,67.7
INFY,2015-10-21,T1,2015-10-23,570.9,550.4,2015-11-13,stage,14,-3.59,False,ALL-ALIGN BULL,55.0
INFY,2015-11-03,T2,2015-11-04,575.05,550.4,2015-11-13,stage,6,-4.29,False,ALL-ALIGN BULL,55.1
INFY,2016-12-08,T1,2016-12-09,492.5,488.67,2016-12-12,stage,2,-0.78,False,EARLY-UP,56.7
INFY,2017-02-22,T1,2017-02-23,499.45,505.77,2017-03-09,stage,10,1.27,False,EARLY-UP,55.6
INFY,2017-05-18,T1,2017-05-19,480.75,480.73,2017-05-22,stage,2,-0.0,False,EARLY-UP,54.6
INFY,2017-07-19,T1,2017-07-20,489.65,491.88,2017-08-04,stage,12,0.46,False,ALL-ALIGN BULL,58.6
INFY,2017-07-21,T2,2017-07-24,491.75,491.88,2017-08-04,stage,10,0.03,False,ALL-ALIGN BULL,57.6
INFY,2017-07-28,T2,2017-07-31,495.95,491.88,2017-08-04,stage,5,-0.82,False,ALL-ALIGN BULL,59.9
INFY,2017-11-23,T1,2017-11-24,495.45,506.55,2017-12-14,time,15,2.24,False,ALL-ALIGN BULL,65.6
INFY,2017-12-04,T2,2017-12-05,492.67,517.8,2017-12-26,time,15,5.1,False,ALL-ALIGN BULL,57.1
INFY,2018-01-08,T2,2018-01-09,520.0,585.33,2018-01-30,time,15,12.56,False,ALL-ALIGN BULL,60.4
INFY,2018-02-08,T2,2018-02-09,559.0,575.1,2018-02-27,stage,12,2.88,False,ALL-ALIGN BULL,56.8
INFY,2018-02-19,T2,2018-02-20,551.88,575.1,2018-02-27,stage,6,4.21,False,ALL-ALIGN BULL,55.9
INFY,2018-05-03,T1,2018-05-04,592.5,586.55,2018-05-04,stage,1,-1.0,False,ALL-ALIGN BULL,56.0
INFY,2018-06-01,T1,2018-06-04,610.55,623.92,2018-06-22,time,15,2.19,False,ALL-ALIGN BULL,59.4
INFY,2018-06-25,T2,2018-06-26,634.5,666.42,2018-07-16,time,15,5.03,False,ALL-ALIGN BULL,60.1
INFY,2018-07-09,T2,2018-07-10,654.25,675.5,2018-07-30,time,15,3.25,False,ALL-ALIGN BULL,56.2
INFY,2018-07-13,T2,2018-07-16,658.7,682.05,2018-08-03,time,15,3.54,False,ALL-ALIGN BULL,58.1
INFY,2018-08-27,T2,2018-08-28,708.6,719.1,2018-09-18,time,15,1.48,False,ALL-ALIGN BULL,61.0
INFY,2018-09-24,T1,2018-09-25,718.25,724.8,2018-09-27,stage,3,0.91,False,EARLY-UP,52.3
INFY,2018-09-25,T2,2018-09-26,731.2,724.8,2018-09-27,stage,2,-0.88,False,ALL-ALIGN BULL,55.8
INFY,2019-01-22,T1,2019-01-23,742.35,750.45,2019-02-12,time,15,1.09,False,TOP-WARNING,74.2
INFY,2019-02-15,T2,2019-02-18,742.35,724.3,2019-02-19,stage,2,-2.43,False,ALL-ALIGN BULL,55.5
INFY,2019-07-18,T1,2019-07-19,788.7,788.75,2019-08-08,time,15,0.01,False,TOP-WARNING,72.9
INFY,2019-08-08,T2,2019-08-09,792.0,764.75,2019-08-13,stage,2,-3.44,False,ALL-ALIGN BULL,60.2
INFY,2019-11-06,T1,2019-11-07,717.0,708.15,2019-11-08,stage,2,-1.23,False,EARLY-UP,47.5
INFY,2020-07-08,T1,2020-07-09,780.0,954.15,2020-07-29,time,15,22.33,False,ALL-ALIGN BULL,63.6
INFY,2020-08-26,T2,2020-08-27,960.0,914.15,2020-09-01,stop,4,-4.78,False,ALL-ALIGN BULL,58.9
INFY,2020-09-11,T2,2020-09-14,957.0,1048.7,2020-10-05,time,15,9.58,False,ALL-ALIGN BULL,55.7
INFY,2020-09-25,T2,2020-09-28,1014.8,1125.9,2020-10-19,time,15,10.95,False,ALL-ALIGN BULL,61.5
INFY,2020-11-04,T1,2020-11-05,1109.9,1091.05,2020-11-10,stage,4,-1.7,False,EARLY-UP,54.6
INFY,2020-11-05,T2,2020-11-06,1108.0,1091.05,2020-11-10,stage,3,-1.53,False,ALL-ALIGN BULL,56.9
INFY,2021-01-04,T1,2021-01-05,1282.0,1325.1,2021-01-25,time,15,3.36,False,TOP-WARNING,74.5
INFY,2021-06-15,T1,2021-06-16,1472.7,1562.2,2021-07-06,time,15,6.08,False,TOP-WARNING,76.8
INFY,2021-07-20,T2,2021-07-22,1561.4,1677.55,2021-08-11,time,15,7.44,False,ALL-ALIGN BULL,56.2
INFY,2021-09-03,T1,2021-09-06,1705.15,1687.85,2021-09-20,stage,10,-1.01,False,ALL-ALIGN BULL,56.7
INFY,2021-09-15,T2,2021-09-16,1715.2,1687.85,2021-09-20,stage,3,-1.59,False,ALL-ALIGN BULL,57.0
INFY,2021-09-24,T1,2021-09-27,1768.75,1687.1,2021-09-28,stage,2,-4.62,False,ALL-ALIGN BULL,67.2
INFY,2022-01-03,T1,2022-01-04,1898.45,1817.8,2022-01-06,stage,3,-4.25,False,ALL-ALIGN BULL,70.6
INFY,2022-03-23,T1,2022-03-24,1856.15,1811.0,2022-04-07,stage,11,-2.43,False,ALL-ALIGN BULL,60.2
INFY,2022-04-08,T1,2022-04-11,1814.0,1766.55,2022-04-11,stage,1,-2.62,False,EARLY-UP,45.3
INFY,2022-12-02,T1,2022-12-05,1638.0,1612.9,2022-12-06,stage,2,-1.53,False,ALL-ALIGN BULL,64.0
INFY,2023-05-23,T1,2023-05-24,1296.3,1323.85,2023-05-30,stage,5,2.13,False,EARLY-UP,53.9
INFY,2023-07-18,T1,2023-07-19,1486.0,1331.6,2023-07-21,stage,3,-10.39,False,TOP-WARNING,78.5
INFY,2023-09-13,T1,2023-09-14,1505.0,1460.65,2023-09-26,stop,8,-2.95,False,ALL-ALIGN BULL,72.0
INFY,2023-12-27,T1,2023-12-28,1568.95,1534.4,2024-01-02,stage,4,-2.2,False,ALL-ALIGN BULL,64.2
INFY,2024-01-24,T1,2024-01-25,1672.95,1676.35,2024-02-15,time,15,0.2,False,ALL-ALIGN BULL,67.4
INFY,2024-02-22,T2,2024-02-23,1697.0,1660.15,2024-02-26,stage,2,-2.17,False,ALL-ALIGN BULL,55.2
INFY,2024-05-22,T1,2024-05-23,1454.7,1465.1,2024-05-24,stage,2,0.71,False,EARLY-UP,51.5
INFY,2024-06-28,T1,2024-07-01,1559.5,1810.85,2024-07-22,time,15,16.12,False,ALL-ALIGN BULL,67.7
INFY,2024-08-07,T2,2024-08-08,1779.95,1743.15,2024-08-08,stage,1,-2.07,False,ALL-ALIGN BULL,58.0
INFY,2024-08-12,T1,2024-08-13,1810.0,1941.25,2024-09-03,time,15,7.25,False,ALL-ALIGN BULL,57.3
INFY,2025-05-14,T1,2025-05-15,1589.8,1553.8,2025-06-02,stage,13,-2.26,False,EARLY-UP,60.2
INFY,2025-06-12,T1,2025-06-13,1576.0,1614.9,2025-06-25,stage,9,2.47,False,EARLY-UP,59.3
INFY,2025-07-07,T1,2025-07-08,1628.0,1594.9,2025-07-11,stage,4,-2.03,False,EARLY-UP,57.2
INFY,2025-08-20,T1,2025-08-21,1508.0,1469.6,2025-08-29,stage,6,-2.55,False,EARLY-UP,50.8
INFY,2025-09-02,T1,2025-09-03,1500.0,1479.1,2025-09-03,stage,1,-1.39,False,EARLY-UP,50.5
INFY,2025-12-11,T1,2025-12-12,1601.4,1640.4,2026-01-02,time,15,2.44,False,ALL-ALIGN BULL,61.5
INFY,2026-01-01,T2,2026-01-02,1635.9,1606.4,2026-01-05,stage,2,-1.8,False,ALL-ALIGN BULL,56.0
INFY,2026-01-07,T1,2026-01-08,1638.9,1595.9,2026-01-12,stage,3,-2.62,False,ALL-ALIGN BULL,56.7
INFY,2026-04-01,T1,2026-04-02,1260.0,1300.8,2026-04-02,stage,1,3.24,False,EARLY-UP,43.4
ITC,2014-02-26,T1,2014-02-28,208.6,211.33,2014-03-03,stage,2,1.31,False,EARLY-UP,59.4
ITC,2014-03-10,T1,2014-03-11,215.31,225.93,2014-04-01,time,15,4.93,False,ALL-ALIGN BULL,63.7
ITC,2014-03-13,T1,2014-03-14,219.61,221.05,2014-04-02,stage,13,0.66,False,ALL-ALIGN BULL,69.5
ITC,2014-07-23,T1,2014-07-24,227.25,222.79,2014-08-12,stage,13,-1.96,False,ALL-ALIGN BULL,69.9
ITC,2014-08-14,T1,2014-08-18,227.63,225.1,2014-08-18,stage,1,-1.11,False,ALL-ALIGN BULL,60.7
ITC,2014-09-23,T1,2014-09-24,237.9,226.67,2014-10-10,stage,10,-4.72,False,ALL-ALIGN BULL,68.3
ITC,2014-10-17,T1,2014-10-20,227.89,225.96,2014-10-20,stage,1,-0.85,False,EARLY-UP,46.1
ITC,2014-11-20,T1,2014-11-21,237.62,228.15,2014-11-25,stage,3,-3.99,False,ALL-ALIGN BULL,60.1
ITC,2015-01-29,T1,2015-01-30,237.52,236.59,2015-01-30,stage,1,-0.39,False,EARLY-UP,55.0
ITC,2015-02-23,T1,2015-02-24,251.64,220.35,2015-03-02,stage,5,-12.43,False,ALL-ALIGN BULL,61.9
ITC,2015-04-08,T1,2015-04-09,222.69,225.64,2015-04-13,stage,3,1.32,False,EARLY-UP,53.9
ITC,2015-10-19,T1,2015-10-20,225.0,214.83,2015-10-30,stage,8,-4.52,False,ALL-ALIGN BULL,69.1
ITC,2016-07-13,T1,2016-07-14,237.84,243.33,2016-08-03,time,15,2.31,False,ALL-ALIGN BULL,57.5
ITC,2016-07-28,T2,2016-07-29,244.77,241.64,2016-08-19,time,15,-1.28,False,ALL-ALIGN BULL,62.8
ITC,2016-08-12,T2,2016-08-16,244.82,252.86,2016-09-06,time,15,3.28,False,ALL-ALIGN BULL,56.5
ITC,2016-08-22,T2,2016-08-23,244.97,242.51,2016-09-14,time,15,-1.0,False,ALL-ALIGN BULL,55.6
ITC,2016-08-30,T2,2016-08-31,248.72,242.51,2016-09-14,stage,9,-2.5,False,ALL-ALIGN BULL,59.3
ITC,2016-09-15,T1,2016-09-16,246.51,244.24,2016-09-21,stage,4,-0.92,False,EARLY-UP,51.0
ITC,2016-09-16,T2,2016-09-19,251.8,244.24,2016-09-21,stage,3,-3.0,False,ALL-ALIGN BULL,56.8
ITC,2016-11-04,T1,2016-11-07,244.39,238.95,2016-11-09,stage,3,-2.23,False,ALL-ALIGN BULL,58.3
ITC,2017-01-13,T1,2017-01-16,240.01,266.53,2017-02-06,time,15,11.05,False,ALL-ALIGN BULL,63.2
ITC,2017-02-17,T2,2017-02-20,256.14,255.12,2017-03-09,stage,13,-0.4,False,ALL-ALIGN BULL,55.8
ITC,2017-03-01,T2,2017-03-02,258.54,255.12,2017-03-09,stage,6,-1.32,False,ALL-ALIGN BULL,55.9
ITC,2017-03-20,T1,2017-03-21,272.7,262.54,2017-04-07,stage,13,-3.73,False,ALL-ALIGN BULL,70.3
ITC,2017-05-25,T1,2017-05-26,290.8,290.7,2017-06-15,time,15,-0.03,False,ALL-ALIGN BULL,65.7
ITC,2017-06-13,T2,2017-06-14,293.64,318.77,2017-07-05,time,15,8.56,False,ALL-ALIGN BULL,55.1
ITC,2017-06-16,T2,2017-06-19,297.54,320.94,2017-07-10,time,15,7.86,False,ALL-ALIGN BULL,56.1
ITC,2017-06-29,T2,2017-06-30,298.74,274.0,2017-07-18,stage,13,-8.28,False,ALL-ALIGN BULL,58.1
ITC,2017-10-18,T1,2017-10-19,260.95,257.15,2017-10-23,stage,2,-1.46,False,EARLY-UP,52.9
ITC,2018-05-02,T1,2018-05-03,276.84,266.87,2018-05-04,stop,2,-3.6,False,TOP-WARNING,75.4
ITC,2018-07-25,T1,2018-07-26,276.36,296.05,2018-08-16,time,15,7.12,False,ALL-ALIGN BULL,67.9
ITC,2018-10-22,T1,2018-10-23,275.39,275.39,2018-10-23,stage,1,0.0,False,EARLY-UP,49.7
ITC,2019-03-11,T1,2019-03-12,283.1,285.17,2019-04-03,time,15,0.73,False,ALL-ALIGN BULL,69.3
ITC,2019-04-15,T1,2019-04-16,295.42,290.17,2019-04-30,stage,8,-1.78,False,ALL-ALIGN BULL,67.3
ITC,2019-09-23,T1,2019-09-24,245.54,238.37,2019-09-25,stage,2,-2.92,False,EARLY-UP,60.0
ITC,2019-09-27,T1,2019-09-30,245.3,237.94,2019-10-09,stage,6,-3.0,False,EARLY-UP,56.1
ITC,2019-11-05,T1,2019-11-06,253.2,241.35,2019-11-15,stage,7,-4.68,False,EARLY-UP,64.0
ITC,2020-04-03,T1,2020-04-07,178.81,172.94,2020-04-21,stage,9,-3.28,False,EARLY-UP,52.4
ITC,2020-06-01,T1,2020-06-02,194.41,178.14,2020-06-16,stage,11,-8.37,False,EARLY-UP,70.2
ITC,2020-07-01,T1,2020-07-02,196.87,187.14,2020-07-10,stage,7,-4.94,False,EARLY-UP,61.6
ITC,2020-11-12,T1,2020-11-13,180.26,190.85,2020-12-04,time,15,5.87,False,TOP-WARNING,72.7
ITC,2020-11-19,T2,2020-11-20,181.8,208.28,2020-12-11,time,15,14.57,False,ALL-ALIGN BULL,66.4
ITC,2020-12-24,T1,2020-12-28,201.25,197.78,2021-01-06,stage,8,-1.72,False,ALL-ALIGN BULL,60.5
ITC,2021-08-09,T1,2021-08-10,206.06,200.91,2021-08-11,stage,2,-2.5,False,ALL-ALIGN BULL,61.7
ITC,2021-08-16,T1,2021-08-17,202.98,201.44,2021-08-17,stage,1,-0.76,False,EARLY-UP,54.5
ITC,2021-09-16,T1,2021-09-17,224.36,224.31,2021-10-07,time,15,-0.02,False,TOP-WARNING,80.6
ITC,2021-10-27,T1,2021-10-28,226.38,216.75,2021-10-28,stage,1,-4.25,False,EARLY-UP,51.3
ITC,2022-03-21,T1,2022-03-22,235.48,257.58,2022-04-11,time,15,9.39,False,ALL-ALIGN BULL,71.5
ITC,2022-04-26,T1,2022-04-27,246.7,247.95,2022-04-27,stage,1,0.51,False,ALL-ALIGN BULL,55.0
ITC,2022-04-28,T1,2022-04-29,253.25,250.12,2022-05-10,stage,7,-1.24,False,ALL-ALIGN BULL,57.0
ITC,2022-05-02,T2,2022-05-04,254.21,250.12,2022-05-10,stage,5,-1.61,False,ALL-ALIGN BULL,58.7
ITC,2022-05-05,T2,2022-05-06,249.4,250.12,2022-05-10,stage,3,0.29,False,ALL-ALIGN BULL,56.6
ITC,2022-07-08,T1,2022-07-11,282.13,291.81,2022-07-29,time,15,3.43,False,ALL-ALIGN BULL,70.4
ITC,2022-09-30,T1,2022-10-03,320.55,312.37,2022-10-03,stage,1,-2.55,False,EARLY-UP,53.6
ITC,2022-10-06,T1,2022-10-07,324.31,321.71,2022-10-07,stage,1,-0.8,False,ALL-ALIGN BULL,56.5
ITC,2022-11-03,T1,2022-11-04,340.87,332.45,2022-11-15,stage,7,-2.47,False,ALL-ALIGN BULL,66.3
ITC,2023-02-27,T1,2023-02-28,368.32,362.73,2023-02-28,stage,1,-1.52,False,ALL-ALIGN BULL,63.3
ITC,2023-03-08,T1,2023-03-09,377.56,365.33,2023-03-15,stage,5,-3.24,False,TOP-WARNING,67.3
ITC,2023-04-20,T1,2023-04-21,385.45,404.86,2023-05-12,time,15,5.04,False,ALL-ALIGN BULL,67.6
ITC,2023-06-13,T2,2023-06-14,429.7,428.59,2023-06-27,stage,10,-0.26,False,ALL-ALIGN BULL,62.1
ITC,2023-07-03,T1,2023-07-04,447.76,453.87,2023-07-24,time,15,1.36,False,ALL-ALIGN BULL,71.1
ITC,2024-03-13,T1,2024-03-14,406.3,407.07,2024-04-04,stage,14,0.19,False,EARLY-UP,54.4
ITC,2024-07-15,T1,2024-07-16,446.26,468.27,2024-08-06,time,15,4.93,False,TOP-WARNING,75.6
ITC,2024-09-09,T2,2024-09-10,492.92,492.15,2024-09-16,stage,5,-0.16,False,ALL-ALIGN BULL,60.9
ITC,2025-10-29,T1,2025-10-30,421.6,408.9,2025-11-04,stop,4,-3.01,False,ALL-ALIGN BULL,66.3
ITC,2026-02-18,T1,2026-02-19,334.05,323.5,2026-02-24,stage,4,-3.16,False,EARLY-UP,52.5
ITC,2026-04-17,T1,2026-04-20,307.0,305.0,2026-04-20,stage,1,-0.65,False,EARLY-UP,54.3
ITC,2026-06-16,T1,2026-06-17,291.95,291.15,2026-06-18,stage,2,-0.27,False,EARLY-UP,50.2
LT,2013-10-29,T1,2013-10-30,649.47,619.23,2013-11-12,stage,9,-4.66,False,ALL-ALIGN BULL,69.5
LT,2013-12-03,T1,2013-12-04,697.4,717.33,2013-12-24,time,15,2.86,False,ALL-ALIGN BULL,67.1
LT,2013-12-16,T2,2013-12-17,712.73,674.7,2014-01-03,stage,13,-5.34,False,ALL-ALIGN BULL,56.0
LT,2013-12-23,T2,2013-12-24,714.87,674.7,2014-01-03,stage,8,-5.62,False,ALL-ALIGN BULL,56.1
LT,2013-12-31,T2,2014-01-01,716.77,674.7,2014-01-03,stage,3,-5.87,False,ALL-ALIGN BULL,55.3
LT,2014-03-04,T1,2014-03-05,749.2,850.53,2014-03-26,time,15,13.53,False,TOP-WARNING,72.7
LT,2014-04-17,T2,2014-04-21,848.0,842.37,2014-05-02,stage,9,-0.66,False,ALL-ALIGN BULL,56.6
LT,2014-05-09,T1,2014-05-12,900.0,1030.33,2014-05-30,time,15,14.48,False,ALL-ALIGN BULL,60.6
LT,2014-11-03,T1,2014-11-05,1106.67,1091.2,2014-11-25,stage,14,-1.4,False,TOP-WARNING,72.3
LT,2015-01-05,T1,2015-01-06,1027.33,1002.73,2015-01-06,stage,1,-2.39,False,EARLY-UP,54.5
LT,2015-01-27,T1,2015-01-28,1156.8,1048.3,2015-02-09,stage,9,-9.38,False,TOP-WARNING,77.8
LT,2015-03-05,T1,2015-03-09,1211.47,1168.3,2015-03-10,stage,2,-3.56,False,ALL-ALIGN BULL,66.0
LT,2015-06-24,T1,2015-06-25,1160.07,1246.27,2015-07-15,time,15,7.43,False,ALL-ALIGN BULL,63.3
LT,2015-10-16,T1,2015-10-19,1071.93,1033.63,2015-10-21,stage,3,-3.57,False,EARLY-UP,58.4
LT,2016-05-31,T1,2016-06-01,980.03,996.53,2016-06-21,time,15,1.68,False,TOP-WARNING,73.4
LT,2016-06-30,T1,2016-07-01,1003.2,1034.27,2016-07-13,stage,8,3.1,False,ALL-ALIGN BULL,58.6
LT,2017-01-06,T1,2017-01-09,928.0,920.43,2017-01-09,stage,1,-0.82,False,EARLY-UP,59.0
LT,2017-01-12,T1,2017-01-13,973.33,929.03,2017-01-23,stage,7,-4.55,False,ALL-ALIGN BULL,70.8
LT,2017-01-24,T1,2017-01-25,949.87,986.67,2017-02-15,time,15,3.87,False,EARLY-UP,55.3
LT,2017-01-25,T2,2017-01-27,967.37,986.67,2017-02-15,stage,14,2.0,False,STRONG-FLOW,61.5
LT,2017-04-03,T1,2017-04-05,1107.33,1167.53,2017-04-26,time,15,5.44,False,TOP-WARNING,78.6
LT,2017-05-22,T2,2017-05-23,1170.0,1122.97,2017-05-24,stage,2,-4.02,False,ALL-ALIGN BULL,61.3
LT,2017-05-25,T1,2017-05-26,1180.0,1157.73,2017-06-12,stage,12,-1.89,False,ALL-ALIGN BULL,59.5
LT,2017-06-09,T2,2017-06-12,1185.2,1157.73,2017-06-12,stage,1,-2.32,False,ALL-ALIGN BULL,55.5
LT,2017-09-18,T1,2017-09-19,1235.0,1184.8,2017-09-22,stop,4,-4.06,False,ALL-ALIGN BULL,70.3
LT,2017-11-10,T1,2017-11-13,1229.8,1211.65,2017-12-01,time,15,-1.48,False,TOP-WARNING,69.2
LT,2017-11-17,T2,2017-11-20,1240.0,1220.35,2017-12-08,time,15,-1.58,False,ALL-ALIGN BULL,55.4
LT,2017-11-27,T2,2017-11-28,1228.0,1189.25,2017-12-13,stage,12,-3.16,False,ALL-ALIGN BULL,55.3
LT,2018-01-11,T1,2018-01-12,1325.5,1415.45,2018-02-02,time,15,6.79,False,ALL-ALIGN BULL,69.4
LT,2018-11-02,T1,2018-11-05,1358.3,1431.6,2018-11-27,time,15,5.4,False,ALL-ALIGN BULL,69.5
LT,2018-12-07,T1,2018-12-10,1374.7,1367.75,2018-12-10,stage,1,-0.51,False,ALL-ALIGN BULL,55.8
LT,2018-12-12,T1,2018-12-13,1413.7,1404.8,2018-12-24,stage,8,-0.63,False,ALL-ALIGN BULL,55.1
LT,2019-03-01,T1,2019-03-05,1302.0,1305.8,2019-03-05,stage,1,0.29,False,EARLY-UP,55.4
LT,2019-03-14,T1,2019-03-15,1386.0,1373.65,2019-04-08,time,15,-0.89,False,ALL-ALIGN BULL,66.9
LT,2019-05-27,T1,2019-05-28,1596.0,1509.25,2019-06-12,stop,11,-5.44,False,TOP-WARNING,81.8
LT,2019-07-03,T1,2019-07-04,1582.95,1490.35,2019-07-08,stage,3,-5.85,False,ALL-ALIGN BULL,66.1
LT,2019-09-09,T1,2019-09-11,1364.0,1362.4,2019-09-12,stage,2,-0.12,False,EARLY-UP,51.6
LT,2019-09-25,T1,2019-09-26,1456.3,1427.7,2019-10-11,stage,10,-1.96,False,ALL-ALIGN BULL,59.4
LT,2020-01-02,T1,2020-01-03,1344.95,1335.05,2020-01-03,stage,1,-0.74,False,EARLY-UP,57.5
LT,2020-04-17,T1,2020-04-20,940.8,915.6,2020-04-20,stage,1,-2.68,False,EARLY-UP,52.2
LT,2020-04-30,T1,2020-05-04,880.0,850.65,2020-05-04,stage,1,-3.34,False,EARLY-UP,50.8
LT,2020-08-24,T1,2020-08-25,993.0,980.4,2020-08-25,stage,1,-1.27,False,EARLY-UP,62.2
LT,2020-11-13,T1,2020-11-14,1060.05,1169.7,2020-12-07,time,15,10.34,False,ALL-ALIGN BULL,69.9
LT,2021-02-24,T2,2021-02-25,1534.0,1442.5,2021-02-26,stage,2,-5.96,False,ALL-ALIGN BULL,59.8
LT,2021-03-03,T1,2021-03-04,1473.0,1462.6,2021-03-04,stage,1,-0.71,False,EARLY-UP,54.0
LT,2021-03-08,T1,2021-03-09,1525.0,1524.2,2021-03-10,stage,2,-0.05,False,ALL-ALIGN BULL,56.3
LT,2021-05-27,T1,2021-05-28,1487.1,1487.55,2021-06-17,time,15,0.03,False,ALL-ALIGN BULL,68.0
LT,2021-06-22,T1,2021-06-23,1505.0,1479.25,2021-06-23,stage,1,-1.71,False,ALL-ALIGN BULL,56.0
LT,2021-07-22,T1,2021-07-23,1644.0,1583.3,2021-08-11,stage,14,-3.69,False,TOP-WARNING,72.3
LT,2021-09-17,T1,2021-09-20,1700.2,1726.9,2021-10-08,time,15,1.57,False,ALL-ALIGN BULL,66.6
LT,2021-10-05,T2,2021-10-06,1716.7,1718.2,2021-10-12,stage,5,0.09,False,ALL-ALIGN BULL,55.3
LT,2021-10-08,T2,2021-10-11,1733.75,1718.2,2021-10-12,stage,2,-0.9,False,ALL-ALIGN BULL,56.9
LT,2021-10-13,T1,2021-10-14,1775.0,1908.95,2021-11-04,time,15,7.55,False,ALL-ALIGN BULL,61.8
LT,2021-11-01,T2,2021-11-02,1800.0,1862.5,2021-11-24,time,15,3.47,False,ALL-ALIGN BULL,56.8
LT,2022-05-23,T1,2022-05-24,1644.8,1574.75,2022-05-25,stage,2,-4.26,False,EARLY-UP,50.4
LT,2022-07-18,T1,2022-07-19,1719.95,1829.65,2022-08-08,time,15,6.38,False,EARLY-UP,69.1
LT,2022-07-27,T2,2022-07-28,1805.0,1936.05,2022-08-19,time,15,7.26,False,ALL-ALIGN BULL,71.3
LT,2022-10-06,T1,2022-10-07,1905.0,1909.65,2022-10-10,stage,2,0.24,False,ALL-ALIGN BULL,55.4
LT,2022-11-23,T1,2022-11-24,2030.5,2195.45,2022-12-14,time,15,8.12,False,ALL-ALIGN BULL,59.9
LT,2022-12-27,T1,2022-12-28,2129.0,2110.9,2022-12-29,stage,2,-0.85,False,EARLY-UP,53.7
LT,2023-01-19,T1,2023-01-20,2282.45,2174.7,2023-01-25,stop,4,-4.72,False,TOP-WARNING,72.5
LT,2023-06-20,T1,2023-06-21,2382.0,2454.95,2023-07-12,time,15,3.06,False,ALL-ALIGN BULL,69.4
LT,2023-08-28,T2,2023-08-29,2710.0,2919.85,2023-09-18,time,15,7.74,False,ALL-ALIGN BULL,59.8
LT,2023-12-04,T1,2023-12-05,3319.05,3490.05,2023-12-26,time,15,5.15,False,TOP-WARNING,78.3
LT,2024-03-11,T1,2024-03-12,3639.05,3538.55,2024-03-13,stage,2,-2.76,False,ALL-ALIGN BULL,62.4
LT,2024-04-03,T1,2024-04-04,3804.9,3600.8,2024-04-15,stage,7,-5.36,False,ALL-ALIGN BULL,64.1
LT,2024-06-03,T1,2024-06-04,3852.0,3403.2,2024-06-04,stage,1,-11.65,False,TOP-WARNING,73.4
LT,2024-12-10,T1,2024-12-11,3923.15,3758.15,2024-12-18,stage,6,-4.21,False,ALL-ALIGN BULL,69.2
LT,2025-03-19,T1,2025-03-20,3335.25,3351.05,2025-03-20,stage,1,0.47,False,EARLY-UP,56.0
LT,2025-03-21,T1,2025-03-24,3449.0,3260.15,2025-04-04,stage,9,-5.48,False,EARLY-UP,63.7
LT,2025-05-29,T1,2025-05-30,3655.3,3603.9,2025-06-12,stage,10,-1.41,False,ALL-ALIGN BULL,68.2
LT,2025-07-30,T1,2025-07-31,3625.0,3641.6,2025-08-07,stage,6,0.46,False,ALL-ALIGN BULL,63.2
LT,2025-08-04,T2,2025-08-05,3630.0,3641.6,2025-08-07,stage,3,0.32,False,ALL-ALIGN BULL,57.9
LT,2025-08-13,T1,2025-08-14,3700.0,3635.1,2025-08-18,stage,2,-1.75,False,TOP-WARNING,61.5
LT,2025-10-15,T1,2025-10-16,3830.3,3882.5,2025-11-07,time,15,1.36,False,ALL-ALIGN BULL,67.5
LT,2025-11-10,T2,2025-11-11,3929.0,4073.2,2025-12-01,time,15,3.67,False,ALL-ALIGN BULL,57.7
LT,2025-12-05,T2,2025-12-08,4047.0,4003.9,2025-12-11,stage,4,-1.06,False,ALL-ALIGN BULL,57.8
LT,2025-12-12,T1,2025-12-15,4072.8,4031.1,2025-12-18,stage,4,-1.02,False,ALL-ALIGN BULL,61.5
LT,2026-02-03,T1,2026-02-04,4029.0,4259.2,2026-02-24,time,15,5.71,False,ALL-ALIGN BULL,60.3
LT,2026-02-11,T1,2026-02-12,4187.9,4066.7,2026-03-02,stage,13,-2.89,False,ALL-ALIGN BULL,68.3
LT,2026-04-08,T1,2026-04-09,3988.0,3896.2,2026-04-09,stage,1,-2.3,False,ALL-ALIGN BULL,60.5
LT,2026-07-29,T1,2026-07-30,3931.4,3937.7,2026-07-30,stage,1,0.16,False,EARLY-UP,52.0
LT,2026-07-31,T1,2026-08-03,3974.0,4025.0,2026-08-03,stage,1,1.28,False,EARLY-UP,52.7
RELIANCE,2013-11-05,T1,2013-11-06,208.01,200.23,2013-11-08,stage,3,-3.74,False,ALL-ALIGN BULL,61.7
RELIANCE,2014-03-07,T1,2014-03-10,197.75,212.75,2014-03-31,time,15,7.59,False,ALL-ALIGN BULL,67.5
RELIANCE,2014-05-05,T1,2014-05-06,216.67,251.83,2014-05-26,time,15,16.23,False,ALL-ALIGN BULL,55.5
RELIANCE,2014-06-17,T1,2014-06-18,248.7,238.21,2014-06-19,stage,2,-4.22,False,EARLY-UP,54.9
RELIANCE,2015-01-20,T1,2015-01-21,206.87,202.73,2015-01-23,stage,3,-2.0,False,EARLY-UP,56.0
RELIANCE,2015-04-16,T1,2015-04-17,213.74,202.44,2015-04-20,stop,2,-5.29,False,EARLY-UP,68.6
RELIANCE,2015-06-25,T1,2015-06-26,228.56,234.0,2015-07-16,time,15,2.38,False,ALL-ALIGN BULL,71.9
RELIANCE,2015-09-18,T1,2015-09-21,201.15,193.82,2015-09-22,stage,2,-3.64,False,EARLY-UP,52.5
RELIANCE,2015-10-20,T1,2015-10-21,218.41,210.93,2015-11-10,stage,14,-3.42,False,ALL-ALIGN BULL,68.0
RELIANCE,2015-11-06,T2,2015-11-09,213.38,210.93,2015-11-10,stage,2,-1.15,False,ALL-ALIGN BULL,58.9
RELIANCE,2016-01-13,T1,2016-01-14,243.18,229.62,2016-01-20,stage,5,-5.58,False,ALL-ALIGN BULL,69.1
RELIANCE,2016-01-19,T2,2016-01-20,236.56,229.62,2016-01-20,stage,1,-2.93,False,ALL-ALIGN BULL,55.8
RELIANCE,2016-03-10,T1,2016-03-11,231.99,236.6,2016-04-04,time,15,1.99,False,ALL-ALIGN BULL,56.5
RELIANCE,2016-03-29,T2,2016-03-30,238.34,236.3,2016-04-06,stage,6,-0.86,False,ALL-ALIGN BULL,58.7
RELIANCE,2016-04-13,T1,2016-04-18,243.62,237.49,2016-04-22,stage,4,-2.52,False,ALL-ALIGN BULL,66.1
RELIANCE,2016-05-30,T1,2016-05-31,221.5,218.95,2016-05-31,stage,1,-1.15,False,EARLY-UP,47.4
RELIANCE,2016-09-26,T1,2016-09-27,255.33,245.14,2016-09-29,stop,3,-3.99,False,ALL-ALIGN BULL,70.6
RELIANCE,2016-09-30,T2,2016-10-03,248.47,241.65,2016-10-13,stage,7,-2.74,False,ALL-ALIGN BULL,57.5
RELIANCE,2016-12-09,T1,2016-12-12,233.27,247.42,2016-12-30,time,15,6.07,False,ALL-ALIGN BULL,58.0
RELIANCE,2017-02-22,T1,2017-02-23,277.41,297.32,2017-03-17,time,15,7.18,False,TOP-WARNING,84.2
RELIANCE,2017-03-29,T2,2017-03-30,286.87,320.59,2017-04-21,time,15,11.75,False,ALL-ALIGN BULL,56.5
RELIANCE,2017-05-10,T1,2017-05-11,311.81,307.24,2017-05-15,stage,3,-1.47,False,EARLY-UP,51.7
RELIANCE,2017-07-11,T1,2017-07-12,342.74,366.56,2017-08-01,time,15,6.95,False,TOP-WARNING,72.9
RELIANCE,2017-08-14,T1,2017-08-16,359.33,357.98,2017-08-16,stage,1,-0.38,False,EARLY-UP,52.8
RELIANCE,2017-08-17,T1,2017-08-18,357.5,361.63,2017-08-23,stage,4,1.16,False,EARLY-UP,51.6
RELIANCE,2017-09-13,T1,2017-09-14,391.24,373.69,2017-09-22,stop,7,-4.49,False,TOP-WARNING,72.2
RELIANCE,2017-10-13,T1,2017-10-16,401.85,426.31,2017-11-06,time,15,6.09,False,ALL-ALIGN BULL,68.3
RELIANCE,2017-11-16,T1,2017-11-17,420.11,425.51,2017-11-22,stage,4,1.29,False,EARLY-UP,52.9
RELIANCE,2017-11-17,T2,2017-11-20,414.28,425.51,2017-11-22,stage,3,2.71,False,ALL-ALIGN BULL,55.2
RELIANCE,2017-11-23,T1,2017-11-24,434.31,421.3,2017-11-30,stage,5,-3.0,False,ALL-ALIGN BULL,64.2
RELIANCE,2018-06-14,T1,2018-06-15,459.91,447.54,2018-06-26,stage,8,-2.69,False,TOP-WARNING,73.2
RELIANCE,2018-07-12,T1,2018-07-13,493.97,534.13,2018-08-02,time,15,8.13,False,ALL-ALIGN BULL,70.0
RELIANCE,2018-09-04,T2,2018-09-05,568.03,556.44,2018-09-18,stage,9,-2.04,False,ALL-ALIGN BULL,56.6
RELIANCE,2018-09-06,T2,2018-09-07,578.27,556.44,2018-09-18,stage,7,-3.78,False,ALL-ALIGN BULL,59.3
RELIANCE,2018-09-12,T2,2018-09-14,575.76,556.44,2018-09-18,stage,3,-3.36,False,ALL-ALIGN BULL,55.4
RELIANCE,2018-11-16,T1,2018-11-19,517.92,525.74,2018-11-19,stage,1,1.51,False,EARLY-UP,54.7
RELIANCE,2019-01-25,T1,2019-01-28,571.69,546.63,2019-01-30,stop,3,-4.38,False,TOP-WARNING,74.8
RELIANCE,2019-02-15,T2,2019-02-18,571.46,555.96,2019-02-19,stage,2,-2.71,False,ALL-ALIGN BULL,55.1
RELIANCE,2019-03-14,T1,2019-03-15,614.89,607.69,2019-04-08,time,15,-1.17,False,ALL-ALIGN BULL,71.5
RELIANCE,2019-05-03,T1,2019-05-06,639.12,614.2,2019-05-07,stage,2,-3.9,False,TOP-WARNING,62.7
RELIANCE,2019-08-13,T1,2019-08-14,596.14,569.97,2019-08-22,stage,6,-4.39,False,ALL-ALIGN BULL,59.2
RELIANCE,2019-08-23,T1,2019-08-26,591.57,582.82,2019-08-27,stage,2,-1.48,False,ALL-ALIGN BULL,56.5
RELIANCE,2019-10-18,T1,2019-10-22,651.46,652.74,2019-11-11,time,15,0.2,False,TOP-WARNING,74.2
RELIANCE,2020-04-07,T1,2020-04-08,539.46,568.62,2020-04-20,stage,7,5.41,False,EARLY-UP,54.6
RELIANCE,2020-04-24,T1,2020-04-27,655.58,664.91,2020-05-18,time,15,1.42,False,ALL-ALIGN BULL,67.6
RELIANCE,2020-05-20,T2,2020-05-21,662.25,665.14,2020-05-21,stage,1,0.44,False,ALL-ALIGN BULL,55.3
RELIANCE,2020-06-05,T1,2020-06-08,746.89,803.77,2020-06-26,time,15,7.62,False,ALL-ALIGN BULL,69.0
RELIANCE,2020-06-16,T1,2020-06-17,742.21,841.52,2020-07-07,time,15,13.38,False,ALL-ALIGN BULL,66.4
RELIANCE,2020-08-24,T2,2020-08-25,971.92,963.27,2020-09-01,stage,6,-0.89,False,ALL-ALIGN BULL,55.7
RELIANCE,2020-08-26,T2,2020-08-27,991.3,963.27,2020-09-01,stage,4,-2.83,False,ALL-ALIGN BULL,60.1
RELIANCE,2020-09-15,T1,2020-09-16,1070.68,1006.62,2020-09-24,stop,7,-5.98,False,ALL-ALIGN BULL,71.2
RELIANCE,2020-09-23,T2,2020-09-24,1018.95,1016.08,2020-09-25,stage,2,-0.28,False,ALL-ALIGN BULL,55.5
RELIANCE,2021-03-05,T1,2021-03-08,1000.76,948.54,2021-03-17,stage,7,-5.22,False,ALL-ALIGN BULL,63.8
RELIANCE,2021-06-03,T1,2021-06-04,1022.13,993.84,2021-06-24,time,15,-2.77,False,TOP-WARNING,76.9
RELIANCE,2021-08-30,T1,2021-08-31,1050.79,1109.77,2021-09-21,time,15,5.61,False,ALL-ALIGN BULL,71.6
RELIANCE,2021-10-26,T2,2021-10-27,1223.9,1170.48,2021-10-29,stage,3,-4.36,False,ALL-ALIGN BULL,61.0
RELIANCE,2022-04-04,T1,2022-04-05,1223.48,1207.12,2022-04-08,stage,4,-1.34,False,ALL-ALIGN BULL,68.4
RELIANCE,2022-04-22,T1,2022-04-25,1265.62,1218.77,2022-05-05,stage,8,-3.7,False,ALL-ALIGN BULL,67.2
RELIANCE,2022-10-19,T1,2022-10-20,1146.83,1140.64,2022-10-21,stage,2,-0.54,False,EARLY-UP,56.8
RELIANCE,2022-11-09,T1,2022-11-10,1195.28,1180.08,2022-11-23,stage,10,-1.27,False,ALL-ALIGN BULL,66.1
RELIANCE,2022-11-28,T1,2022-11-29,1247.87,1205.95,2022-12-12,stage,10,-3.36,False,ALL-ALIGN BULL,69.9
RELIANCE,2023-02-16,T1,2023-02-17,1116.83,1097.86,2023-02-22,stage,4,-1.7,False,EARLY-UP,54.1
RELIANCE,2023-05-05,T1,2023-05-08,1130.67,1126.04,2023-05-25,stage,14,-0.41,False,EARLY-UP,64.8
RELIANCE,2023-05-09,T2,2023-05-10,1149.13,1126.04,2023-05-25,stage,12,-2.01,False,ALL-ALIGN BULL,69.5
RELIANCE,2023-07-10,T1,2023-07-11,1270.46,1274.62,2023-07-31,time,15,0.33,False,TOP-WARNING,75.7
RELIANCE,2023-07-26,T2,2023-07-27,1267.03,1262.6,2023-08-09,stage,10,-0.35,False,ALL-ALIGN BULL,57.9
RELIANCE,2023-07-28,T2,2023-07-31,1263.93,1262.6,2023-08-09,stage,8,-0.11,False,ALL-ALIGN BULL,57.4
RELIANCE,2023-08-07,T2,2023-08-08,1264.0,1262.6,2023-08-09,stage,2,-0.11,False,ALL-ALIGN BULL,55.4
RELIANCE,2023-12-18,T1,2023-12-19,1277.5,1290.25,2024-01-09,time,15,1.0,False,TOP-WARNING,73.5
RELIANCE,2024-01-24,T2,2024-01-25,1342.95,1470.6,2024-02-15,time,15,9.51,False,ALL-ALIGN BULL,58.3
RELIANCE,2024-02-29,T2,2024-03-01,1463.5,1432.18,2024-03-13,stage,8,-2.14,False,ALL-ALIGN BULL,56.0
RELIANCE,2024-03-21,T1,2024-03-22,1449.97,1441.57,2024-03-26,stage,2,-0.58,False,EARLY-UP,50.3
RELIANCE,2024-03-27,T1,2024-03-28,1492.88,1462.93,2024-04-04,stage,5,-2.01,False,ALL-ALIGN BULL,59.4
RELIANCE,2024-07-11,T1,2024-07-12,1584.5,1555.15,2024-07-19,stage,5,-1.85,False,ALL-ALIGN BULL,64.1
RELIANCE,2024-12-03,T1,2024-12-04,1326.0,1295.15,2024-12-09,stage,4,-2.33,False,EARLY-UP,54.5
RELIANCE,2025-01-20,T1,2025-01-21,1310.5,1273.7,2025-01-21,stage,1,-2.81,False,EARLY-UP,63.2
RELIANCE,2025-03-07,T1,2025-03-10,1245.0,1238.4,2025-03-10,stage,1,-0.53,False,EARLY-UP,57.3
RELIANCE,2025-03-28,T1,2025-04-01,1264.6,1252.6,2025-04-01,stage,1,-0.95,False,EARLY-UP,57.7
RELIANCE,2025-04-30,T1,2025-05-02,1414.0,1409.4,2025-05-22,time,15,-0.33,False,TOP-WARNING,76.8
RELIANCE,2025-06-26,T1,2025-06-27,1499.4,1485.6,2025-07-16,stage,14,-0.92,False,ALL-ALIGN BULL,68.2
RELIANCE,2025-08-19,T1,2025-08-20,1413.0,1409.2,2025-08-22,stage,3,-0.27,False,EARLY-UP,52.3
RELIANCE,2025-10-28,T1,2025-10-29,1490.0,1518.9,2025-11-19,time,15,1.94,False,TOP-WARNING,72.9
RELIANCE,2025-12-10,T2,2025-12-11,1536.9,1545.0,2025-12-11,stage,1,0.53,False,ALL-ALIGN BULL,56.3
RELIANCE,2025-12-12,T1,2025-12-15,1551.2,1542.3,2025-12-16,stage,2,-0.57,False,ALL-ALIGN BULL,62.8
RELIANCE,2026-02-09,T1,2026-02-10,1471.0,1458.5,2026-02-10,stage,1,-0.85,False,EARLY-UP,53.0
SBIN,2014-03-05,T1,2014-03-06,158.35,157.74,2014-03-06,stage,1,-0.39,False,EARLY-UP,57.1
SBIN,2014-03-07,T1,2014-03-10,164.4,191.77,2014-03-31,time,15,16.65,False,EARLY-UP,67.7
SBIN,2014-03-24,T2,2014-03-25,173.28,195.94,2014-04-16,time,15,13.08,False,ALL-ALIGN BULL,67.9
SBIN,2014-06-17,T2,2014-06-18,264.0,257.52,2014-07-08,time,15,-2.45,False,ALL-ALIGN BULL,59.4
SBIN,2014-06-24,T2,2014-06-25,266.4,257.52,2014-07-08,stage,10,-3.33,False,ALL-ALIGN BULL,59.1
SBIN,2014-07-17,T1,2014-07-18,258.16,252.32,2014-07-21,stage,2,-2.26,False,EARLY-UP,51.9
SBIN,2014-11-17,T1,2014-11-18,295.7,312.9,2014-12-08,time,15,5.82,False,TOP-WARNING,76.4
SBIN,2016-03-02,T1,2016-03-03,184.0,188.3,2016-03-28,time,15,2.34,False,EARLY-UP,58.8
SBIN,2016-06-03,T1,2016-06-06,197.45,211.25,2016-06-24,time,15,6.99,False,EARLY-UP,57.6
SBIN,2016-06-15,T2,2016-06-16,216.0,220.05,2016-07-07,time,15,1.88,False,ALL-ALIGN BULL,66.1
SBIN,2016-08-19,T1,2016-08-22,259.8,252.75,2016-09-12,time,15,-2.71,False,TOP-WARNING,74.9
SBIN,2016-09-14,T2,2016-09-15,258.35,255.65,2016-09-19,stage,3,-1.05,False,ALL-ALIGN BULL,57.7
SBIN,2017-02-07,T1,2017-02-08,278.1,268.95,2017-02-15,stage,6,-3.29,False,ALL-ALIGN BULL,69.9
SBIN,2017-03-30,T1,2017-03-31,292.0,286.05,2017-04-24,time,15,-2.04,False,ALL-ALIGN BULL,70.7
SBIN,2017-04-28,T2,2017-05-02,290.25,294.3,2017-05-22,time,15,1.4,False,ALL-ALIGN BULL,56.5
SBIN,2017-05-03,T2,2017-05-04,294.0,283.15,2017-05-24,time,15,-3.69,False,ALL-ALIGN BULL,56.2
SBIN,2017-07-27,T1,2017-07-28,297.0,296.7,2017-08-10,stage,10,-0.1,False,ALL-ALIGN BULL,64.9
SBIN,2017-10-25,T1,2017-10-26,330.0,305.8,2017-10-31,stop,4,-7.33,False,TOP-WARNING,81.9
SBIN,2018-04-10,T1,2018-04-11,263.0,257.05,2018-04-11,stage,1,-2.26,False,EARLY-UP,54.8
SBIN,2018-06-04,T1,2018-06-05,260.9,268.45,2018-06-25,time,15,2.89,False,EARLY-UP,55.9
SBIN,2018-06-12,T2,2018-06-13,284.0,268.65,2018-06-21,stop,7,-5.4,False,ALL-ALIGN BULL,69.9
SBIN,2018-07-31,T1,2018-08-01,294.5,302.45,2018-08-23,time,15,2.7,False,ALL-ALIGN BULL,70.7
SBIN,2018-08-17,T2,2018-08-20,304.1,296.55,2018-09-05,stage,12,-2.48,False,ALL-ALIGN BULL,59.7
SBIN,2018-10-17,T1,2018-10-19,259.7,261.1,2018-10-19,stage,1,0.54,False,EARLY-UP,42.4
SBIN,2018-11-05,T1,2018-11-06,296.1,284.55,2018-11-28,time,15,-3.9,False,ALL-ALIGN BULL,65.4
SBIN,2018-11-14,T2,2018-11-15,283.85,275.65,2018-12-06,time,15,-2.89,False,ALL-ALIGN BULL,56.0
SBIN,2018-11-21,T2,2018-11-22,285.95,275.4,2018-12-07,stage,11,-3.69,False,ALL-ALIGN BULL,56.5
SBIN,2018-11-26,T2,2018-11-27,284.6,275.4,2018-12-07,stage,9,-3.23,False,ALL-ALIGN BULL,55.5
SBIN,2018-12-18,T1,2018-12-19,294.7,305.3,2019-01-09,time,15,3.6,False,ALL-ALIGN BULL,61.2
SBIN,2019-01-04,T2,2019-01-07,301.05,292.45,2019-01-21,stage,11,-2.86,False,ALL-ALIGN BULL,58.3
SBIN,2019-03-18,T1,2019-03-19,300.15,310.9,2019-04-10,time,15,3.58,False,ALL-ALIGN BULL,70.1
SBIN,2019-05-21,T1,2019-05-22,338.9,344.0,2019-06-12,time,15,1.5,False,ALL-ALIGN BULL,67.0
SBIN,2019-06-10,T2,2019-06-11,345.05,340.05,2019-06-18,stage,6,-1.45,False,ALL-ALIGN BULL,56.2
SBIN,2019-07-02,T1,2019-07-03,365.25,360.05,2019-07-15,stage,9,-1.42,False,ALL-ALIGN BULL,67.6
SBIN,2019-07-09,T2,2019-07-10,360.55,360.05,2019-07-15,stage,4,-0.14,False,ALL-ALIGN BULL,56.3
SBIN,2019-07-11,T2,2019-07-12,363.0,360.05,2019-07-15,stage,2,-0.81,False,ALL-ALIGN BULL,58.1
SBIN,2019-09-20,T1,2019-09-23,307.55,280.25,2019-09-25,stage,3,-8.88,False,EARLY-UP,57.3
SBIN,2019-09-23,T2,2019-09-24,313.15,280.25,2019-09-25,stage,2,-10.51,False,ALL-ALIGN BULL,62.2
SBIN,2019-11-22,T1,2019-11-25,329.0,320.0,2019-12-06,stage,10,-2.74,False,ALL-ALIGN BULL,67.0
SBIN,2020-06-03,T1,2020-06-04,174.9,172.9,2020-06-16,stage,9,-1.14,False,EARLY-UP,54.5
SBIN,2020-08-27,T1,2020-08-28,217.0,204.05,2020-09-08,stop,8,-5.97,False,EARLY-UP,71.3
SBIN,2020-10-23,T1,2020-10-26,202.7,196.7,2020-10-26,stage,1,-2.96,False,EARLY-UP,57.4
SBIN,2020-11-09,T1,2020-11-10,223.1,248.05,2020-12-01,time,15,11.18,False,ALL-ALIGN BULL,69.5
SBIN,2020-12-23,T1,2020-12-24,265.0,307.25,2021-01-14,time,15,15.94,False,ALL-ALIGN BULL,57.7
SBIN,2021-02-01,T1,2021-02-02,315.0,389.5,2021-02-22,time,15,23.65,False,ALL-ALIGN BULL,65.3
SBIN,2021-03-08,T2,2021-03-09,393.45,381.1,2021-03-12,stage,3,-3.14,False,ALL-ALIGN BULL,55.8
SBIN,2021-04-29,T1,2021-04-30,353.45,353.5,2021-04-30,stage,1,0.01,False,EARLY-UP,53.6
SBIN,2021-05-26,T1,2021-05-27,413.7,425.95,2021-06-16,time,15,2.96,False,TOP-WARNING,76.4
SBIN,2021-09-30,T1,2021-10-01,448.5,502.95,2021-10-22,time,15,12.14,False,ALL-ALIGN BULL,58.1
SBIN,2021-11-15,T1,2021-11-16,507.4,495.1,2021-11-16,stage,1,-2.42,False,EARLY-UP,53.4
SBIN,2022-01-04,T1,2022-01-05,481.9,494.15,2022-01-24,stage,14,2.54,False,ALL-ALIGN BULL,56.7
SBIN,2022-03-17,T1,2022-03-21,502.0,490.6,2022-03-21,stage,1,-2.27,False,ALL-ALIGN BULL,56.5
SBIN,2022-07-20,T1,2022-07-21,509.8,524.75,2022-08-11,time,15,2.93,False,TOP-WARNING,72.1
SBIN,2022-08-11,T2,2022-08-12,525.7,511.3,2022-08-22,stage,6,-2.74,False,ALL-ALIGN BULL,59.4
SBIN,2022-08-23,T1,2022-08-24,519.0,519.3,2022-08-24,stage,1,0.06,False,EARLY-UP,53.7
SBIN,2022-09-14,T1,2022-09-15,572.55,543.3,2022-09-26,stage,8,-5.11,False,TOP-WARNING,73.6
SBIN,2022-11-07,T1,2022-11-09,621.0,608.55,2022-11-29,time,15,-2.0,False,TOP-WARNING,74.1
SBIN,2023-03-03,T1,2023-03-06,564.9,547.35,2023-03-10,stage,4,-3.11,False,ALL-ALIGN BULL,58.6
SBIN,2023-04-28,T1,2023-05-02,580.0,577.15,2023-05-22,time,15,-0.49,False,TOP-WARNING,72.3
SBIN,2023-06-01,T2,2023-06-02,584.7,587.2,2023-06-05,stage,2,0.43,False,ALL-ALIGN BULL,56.0
SBIN,2023-07-31,T1,2023-08-01,620.2,598.45,2023-08-02,stage,2,-3.51,False,ALL-ALIGN BULL,68.2
SBIN,2023-12-08,T1,2023-12-11,615.0,641.35,2024-01-01,time,15,4.28,False,TOP-WARNING,73.3
SBIN,2024-01-11,T1,2024-01-12,623.8,628.3,2024-01-18,stage,5,0.72,False,EARLY-UP,46.0
SBIN,2024-01-12,T2,2024-01-15,638.9,628.3,2024-01-18,stage,4,-1.66,False,ALL-ALIGN BULL,55.1
SBIN,2024-02-12,T1,2024-02-13,708.55,772.05,2024-03-04,time,15,8.96,False,ALL-ALIGN BULL,70.2
SBIN,2024-03-21,T1,2024-03-22,743.85,733.3,2024-03-27,stage,3,-1.42,False,EARLY-UP,52.8
SBIN,2024-04-30,T1,2024-05-02,826.9,820.3,2024-05-15,stage,10,-0.8,False,ALL-ALIGN BULL,69.9
SBIN,2025-02-04,T1,2025-02-05,780.0,752.25,2025-02-06,stage,2,-3.56,False,EARLY-UP,53.3
SBIN,2025-03-25,T1,2025-03-26,772.0,746.9,2025-04-07,stage,8,-3.25,False,EARLY-UP,65.6
SBIN,2025-04-08,T1,2025-04-09,767.0,742.2,2025-04-09,stage,1,-3.23,False,EARLY-UP,56.5
SBIN,2025-04-24,T1,2025-04-25,815.0,788.65,2025-04-30,stage,4,-3.23,False,ALL-ALIGN BULL,65.0
SBIN,2025-09-22,T1,2025-09-23,854.6,876.95,2025-10-14,time,15,2.62,False,ALL-ALIGN BULL,69.9
SBIN,2025-12-05,T2,2025-12-08,970.85,965.05,2025-12-29,time,15,-0.6,False,ALL-ALIGN BULL,58.1
SBIN,2025-12-15,T2,2025-12-16,966.05,1018.9,2026-01-06,time,15,5.47,False,ALL-ALIGN BULL,55.8
SBIN,2025-12-17,T2,2025-12-18,977.9,998.0,2026-01-08,time,15,2.06,False,ALL-ALIGN BULL,59.2
SBIN,2025-12-30,T2,2025-12-31,975.25,1036.4,2026-01-20,time,15,6.27,False,ALL-ALIGN BULL,56.1
SBIN,2026-02-03,T1,2026-02-04,1064.2,1223.3,2026-02-24,time,15,14.95,False,ALL-ALIGN BULL,60.6
SBIN,2026-04-20,T1,2026-04-21,1113.4,1103.3,2026-04-22,stage,2,-0.91,False,ALL-ALIGN BULL,58.5
TCS,2013-10-22,T2,2013-10-23,1044.25,1004.35,2013-10-24,stage,2,-3.82,False,ALL-ALIGN BULL,55.8
TCS,2014-01-02,T1,2014-01-03,1082.35,1126.22,2014-01-23,time,15,4.05,False,ALL-ALIGN BULL,64.9
TCS,2014-01-20,T2,2014-01-21,1167.0,1108.8,2014-01-30,stage,8,-4.99,False,ALL-ALIGN BULL,62.2
TCS,2014-01-31,T1,2014-02-03,1111.0,1075.68,2014-02-04,stage,2,-3.18,False,EARLY-UP,52.6
TCS,2014-07-03,T1,2014-07-04,1206.2,1297.6,2014-07-24,time,15,7.58,False,ALL-ALIGN BULL,69.3
TCS,2014-07-11,T2,2014-07-14,1209.4,1263.03,2014-08-04,time,15,4.43,False,ALL-ALIGN BULL,57.8
TCS,2014-07-18,T2,2014-07-21,1234.0,1234.2,2014-08-11,time,15,0.02,False,ALL-ALIGN BULL,60.6
TCS,2014-09-05,T1,2014-09-08,1306.0,1342.0,2014-09-26,time,15,2.76,False,ALL-ALIGN BULL,64.3
TCS,2014-09-17,T2,2014-09-18,1295.85,1358.28,2014-10-13,time,15,4.82,False,ALL-ALIGN BULL,56.9
TCS,2014-10-09,T2,2014-10-10,1353.0,1220.57,2014-10-17,stage,6,-9.79,False,ALL-ALIGN BULL,56.1
TCS,2014-10-13,T2,2014-10-14,1365.0,1220.57,2014-10-17,stage,4,-10.58,False,ALL-ALIGN BULL,56.6
TCS,2014-12-01,T1,2014-12-02,1346.5,1289.47,2014-12-05,stop,4,-4.24,False,ALL-ALIGN BULL,62.4
TCS,2015-12-17,T1,2015-12-18,1210.0,1208.4,2015-12-18,stage,1,-0.13,False,EARLY-UP,58.1
TCS,2016-01-29,T1,2016-02-01,1195.55,1210.97,2016-02-05,stage,5,1.29,False,EARLY-UP,58.4
TCS,2016-11-25,T1,2016-11-28,1147.0,1110.93,2016-12-02,stage,5,-3.14,False,EARLY-UP,55.5
TCS,2017-05-18,T1,2017-05-19,1268.1,1260.8,2017-06-08,time,15,-0.58,False,TOP-WARNING,74.6
TCS,2017-07-10,T1,2017-07-11,1213.0,1198.72,2017-07-14,stage,4,-1.18,False,EARLY-UP,53.3
TCS,2017-07-11,T2,2017-07-12,1241.25,1198.72,2017-07-14,stage,3,-3.43,False,ALL-ALIGN BULL,58.0
TCS,2017-07-26,T1,2017-07-27,1271.1,1242.15,2017-07-28,stage,2,-2.28,False,ALL-ALIGN BULL,64.4
TCS,2017-10-17,T1,2017-10-18,1297.5,1367.5,2017-11-08,time,15,5.39,False,ALL-ALIGN BULL,69.6
TCS,2017-10-27,T2,2017-10-30,1293.0,1353.65,2017-11-17,time,15,4.69,False,ALL-ALIGN BULL,61.7
TCS,2017-11-24,T2,2017-11-27,1344.0,1316.18,2017-12-04,stage,6,-2.07,False,ALL-ALIGN BULL,56.0
TCS,2017-12-26,T1,2017-12-27,1324.72,1309.95,2017-12-27,stage,1,-1.11,False,EARLY-UP,54.7
TCS,2018-01-17,T1,2018-01-18,1448.5,1487.1,2018-02-08,time,15,2.66,False,ALL-ALIGN BULL,71.2
TCS,2018-02-16,T1,2018-02-19,1472.5,1517.53,2018-02-28,stage,8,3.06,False,EARLY-UP,48.3
TCS,2018-02-21,T2,2018-02-22,1526.0,1517.53,2018-02-28,stage,5,-0.56,False,ALL-ALIGN BULL,59.0
TCS,2018-04-18,T1,2018-04-19,1589.95,1725.62,2018-05-10,time,15,8.53,False,ALL-ALIGN BULL,69.7
TCS,2018-06-11,T2,2018-06-12,1757.0,1851.35,2018-07-02,time,15,5.37,False,ALL-ALIGN BULL,55.4
TCS,2018-08-01,T2,2018-08-02,1980.0,2043.0,2018-08-24,time,15,3.18,False,ALL-ALIGN BULL,60.8
TCS,2018-08-03,T2,2018-08-06,1997.0,2069.2,2018-08-28,time,15,3.62,False,ALL-ALIGN BULL,59.4
TCS,2018-09-19,T1,2018-09-21,2077.0,2102.65,2018-10-05,stage,10,1.23,False,ALL-ALIGN BULL,60.5
TCS,2018-11-28,T1,2018-11-29,1997.0,1982.4,2018-12-03,stage,3,-0.73,False,ALL-ALIGN BULL,58.4
TCS,2019-02-05,T1,2019-02-06,2049.9,1970.3,2019-02-18,stage,8,-3.88,False,ALL-ALIGN BULL,69.6
TCS,2019-04-30,T1,2019-05-02,2255.0,2132.0,2019-05-03,stop,2,-5.45,False,TOP-WARNING,74.1
TCS,2019-05-06,T2,2019-05-07,2160.05,2151.95,2019-05-07,stage,1,-0.37,False,STRONG-FLOW,55.4
TCS,2019-07-30,T1,2019-07-31,2171.75,2204.4,2019-08-14,stage,10,1.5,False,ALL-ALIGN BULL,55.2
TCS,2019-08-02,T2,2019-08-05,2199.9,2204.4,2019-08-14,stage,7,0.2,False,STRONG-FLOW,57.6
TCS,2019-08-06,T1,2019-08-07,2230.0,2204.4,2019-08-14,stage,5,-1.15,False,ALL-ALIGN BULL,57.0
TCS,2019-10-30,T1,2019-10-31,2250.0,2129.95,2019-11-08,stage,7,-5.34,False,ALL-ALIGN BULL,71.0
TCS,2020-06-05,T1,2020-06-08,2078.25,2047.8,2020-06-17,stage,8,-1.47,False,EARLY-UP,58.9
TCS,2020-06-08,T2,2020-06-09,2063.1,2047.8,2020-06-17,stage,7,-0.74,False,ALL-ALIGN BULL,60.9
TCS,2020-07-06,T1,2020-07-07,2275.0,2157.4,2020-07-24,stop,14,-5.17,False,TOP-WARNING,73.1
TCS,2020-07-27,T2,2020-07-28,2215.0,2253.4,2020-08-17,time,15,1.73,False,ALL-ALIGN BULL,56.4
TCS,2020-08-18,T2,2020-08-19,2276.35,2252.85,2020-08-20,stage,2,-1.03,False,ALL-ALIGN BULL,56.3
TCS,2020-09-11,T1,2020-09-14,2384.1,2705.8,2020-10-05,time,15,13.49,False,ALL-ALIGN BULL,69.5
TCS,2020-09-25,T2,2020-09-28,2440.0,2711.55,2020-10-19,time,15,11.13,False,ALL-ALIGN BULL,55.1
TCS,2020-10-23,T2,2020-10-26,2689.95,2622.2,2020-10-28,stage,3,-2.52,False,ALL-ALIGN BULL,56.2
TCS,2021-01-11,T1,2021-01-12,3176.45,3111.35,2021-01-29,stage,13,-2.05,False,TOP-WARNING,74.3
TCS,2021-02-02,T1,2021-02-03,3213.0,3157.95,2021-02-05,stage,3,-1.71,False,ALL-ALIGN BULL,57.6
TCS,2021-06-18,T1,2021-06-21,3265.0,3208.15,2021-07-09,time,15,-1.74,False,ALL-ALIGN BULL,67.8
TCS,2021-08-18,T1,2021-08-20,3506.0,3791.4,2021-09-09,time,15,8.14,False,TOP-WARNING,83.1
TCS,2021-10-05,T1,2021-10-06,3836.0,3685.6,2021-10-11,stage,4,-3.92,False,ALL-ALIGN BULL,57.5
TCS,2021-10-07,T2,2021-10-08,3925.0,3685.6,2021-10-11,stage,2,-6.1,False,ALL-ALIGN BULL,61.8
TCS,2022-01-11,T1,2022-01-12,3925.0,3771.35,2022-01-24,stage,9,-3.91,False,ALL-ALIGN BULL,72.0
TCS,2023-02-10,T1,2023-02-13,3549.0,3487.3,2023-02-20,stage,6,-1.74,False,ALL-ALIGN BULL,66.1
TCS,2023-04-05,T1,2023-04-06,3225.0,3241.65,2023-04-12,stage,4,0.52,False,EARLY-UP,50.4
TCS,2023-07-19,T1,2023-07-20,3453.1,3388.3,2023-07-26,stage,5,-1.88,False,ALL-ALIGN BULL,66.0
TCS,2023-07-24,T2,2023-07-25,3397.5,3388.3,2023-07-26,stage,2,-0.27,False,STRONG-FLOW,55.5
TCS,2023-12-11,T1,2023-12-12,3638.95,3783.2,2024-01-02,time,15,3.96,False,ALL-ALIGN BULL,69.8
TCS,2024-01-12,T2,2024-01-15,3960.0,3810.3,2024-01-25,stop,8,-3.78,False,ALL-ALIGN BULL,65.3
TCS,2024-02-05,T1,2024-02-06,3997.0,4001.05,2024-02-26,time,15,0.1,False,ALL-ALIGN BULL,66.2
TCS,2024-02-22,T2,2024-02-23,4130.0,4012.1,2024-03-05,stage,8,-2.85,False,ALL-ALIGN BULL,58.9
TCS,2024-02-27,T2,2024-02-28,4095.6,4012.1,2024-03-05,stage,5,-2.04,False,ALL-ALIGN BULL,58.4
TCS,2024-07-19,T1,2024-07-22,4299.95,4155.05,2024-08-05,stage,11,-3.37,False,TOP-WARNING,73.0
TCS,2024-08-20,T1,2024-08-21,4518.0,4507.85,2024-09-10,time,15,-0.22,False,ALL-ALIGN BULL,71.0
TCS,2024-11-07,T1,2024-11-08,4155.0,4019.5,2024-11-18,stage,6,-3.26,False,EARLY-UP,53.1
TCS,2024-11-11,T2,2024-11-12,4216.0,4019.5,2024-11-18,stage,4,-4.66,False,ALL-ALIGN BULL,57.5
TCS,2024-12-12,T1,2024-12-13,4434.95,4347.85,2024-12-18,stage,4,-1.96,False,ALL-ALIGN BULL,66.3
TCS,2025-01-10,T1,2025-01-13,4245.0,4233.05,2025-01-14,stage,2,-0.28,False,EARLY-UP,55.0
TCS,2025-01-13,T2,2025-01-14,4302.0,4233.05,2025-01-14,stage,1,-1.6,False,ALL-ALIGN BULL,56.5
TCS,2025-04-29,T1,2025-04-30,3472.0,3453.7,2025-04-30,stage,1,-0.53,False,EARLY-UP,53.3
TCS,2025-08-20,T1,2025-08-21,3130.0,3048.3,2025-09-05,stage,11,-2.61,False,EARLY-UP,47.5
TCS,2025-12-04,T1,2025-12-05,3230.0,3280.0,2025-12-26,time,15,1.55,False,EARLY-UP,68.6
TCS,2025-12-18,T2,2025-12-19,3299.0,3203.9,2026-01-08,stage,14,-2.88,False,ALL-ALIGN BULL,68.4
TCS,2026-01-02,T2,2026-01-05,3240.5,3203.9,2026-01-08,stage,4,-1.13,False,ALL-ALIGN BULL,55.3
TCS,2026-01-06,T2,2026-01-07,3242.9,3203.9,2026-01-08,stage,2,-1.2,False,ALL-ALIGN BULL,55.3
TCS,2026-04-08,T1,2026-04-09,2554.0,2472.6,2026-04-13,stage,3,-3.19,False,EARLY-UP,55.0
TCS,2026-04-15,T1,2026-04-16,2572.0,2581.5,2026-04-17,stage,2,0.37,False,EARLY-UP,53.3
TCS,2026-08-04,T1,2026-08-05,2460.0,2373.0,2026-08-06,stage,2,-3.54,False,EARLY-UP,67.2
