day,hour_ist,prev_scn,f1,f5,f10,f20,bucket
2016-07-25,10,STRONG-FLOW,-0.5210956905386421,0.010421913810776395,0.8765987505283457,0.16964559703089854,BULL-LEAN
2016-07-28,10,ALL-ALIGN BULL,-0.32078280234931755,-1.329287008296487,-0.8556131220936236,-0.6790671913042279,BULL-LEAN
2016-08-01,9,ALL-ALIGN BULL,-0.1580492210431217,0.8660865739213097,-0.14473371890395548,1.7327520827182363,BULL-LEAN
2016-08-05,9,ALL-ALIGN BULL,0.3247669336588821,-0.4675722520053216,-0.5821620034204056,2.7040878022376758,BULL-LEAN
2016-08-18,9,ALL-ALIGN BULL,-0.07321361657971481,-0.9344824604387014,1.1691119245957449,1.5582394142910738,BULL-LEAN
2016-08-24,10,CHOP-MID,-0.6716530062541026,1.571043778828507,3.4935204559379596,2.095303053073305,CHOP
2016-08-29,14,CHOP-DOWN,1.590482663274262,3.898367112210921,1.3842659556546844,1.5997769374204829,CHOP
2016-09-06,9,CHOP-UP,-0.2801073465280024,-2.4197696522419765,-1.854523090685456,-2.225763166722572,BULL-LEAN
2016-09-15,12,CHOP-MID,0.42664897541335733,1.4286449605664497,-1.7306163533522767,-2.541020640430991,CHOP
2016-09-21,10,CHOP-MID,1.0288077565041132,-0.3645830366349023,-0.37825490050868993,-0.958169793156094,CHOP
2016-09-22,9,CHOP-MID,-0.4048514510936241,-3.1147624176059763,-1.7806697528601978,-1.7874360723770688,CHOP
2016-09-28,13,CHOP-DOWN,-1.7598325929229275,-0.013721891562734623,-1.8495966335626002,-1.225250567457381,CHOP
2016-10-03,9,CHOP-DOWN,0.3553404058090459,-0.33531316876668216,-0.9040867007701903,-2.8970828898730816,CHOP
2016-10-10,13,CHOP-MID,-1.5553233510931297,-0.5706871210729214,-1.0742008083777232,-2.1018969318390535,CHOP
2016-10-18,9,WEAK,-0.21664227520482582,0.15441523870982632,-1.8887057928761553,-6.890491939294064,BEAR/AVOID
2016-10-24,10,CHOP-MID,-0.20266507443493786,-0.949597827522275,-1.8991956550445388,-7.758110908892579,CHOP
2016-10-28,10,CHOP-DOWN,-0.13602685806899384,-1.6317434591340718,-6.130470016207457,-5.7403334105117,CHOP
2016-11-07,9,WEAK,0.5472487510371327,-4.573351928022074,-5.822609023131542,-4.164974903054586,BEAR/AVOID
2016-11-10,9,WEAK,-2.691258833533716,-5.297481160015238,-4.825968389877722,-3.0965017740374745,BEAR/AVOID
2016-11-17,11,PANIC,-0.0724014381277005,-1.4164691613190672,1.3979046900042702,0.9115155415565734,BEAR/AVOID
2016-11-22,11,PANIC,0.387388625770102,1.7476225585144167,1.7601189657973304,1.0009622233607685,BEAR/AVOID
2016-12-06,10,BEAR,-0.504718689941841,0.9658424565432311,-0.7460258008264664,0.6029607707091378,BEAR/AVOID
2016-12-21,11,BEAR,-1.0196866510364333,-0.32811085060722167,1.602719164402755,4.4124396809447575,BEAR/AVOID
2016-12-23,13,BEAR,-0.9704786651222541,2.505087186551047,3.2313808972231683,4.553110227592905,BEAR/AVOID
2016-12-27,9,PANIC,0.02489776355838469,1.9843517556035417,3.1838015150289056,5.514232184094059,BEAR/AVOID
2017-01-05,11,BEAR,-0.36259034542773794,1.6123184026686888,1.949527423916475,5.646135995552237,BEAR/AVOID
2017-01-11,9,CHOP-UP,0.316801202770689,0.43373723995157043,2.6501524344770377,4.746051917214067,BULL-LEAN
2017-01-24,9,ALL-ALIGN BULL,1.4977937185870482,2.8386700960381317,3.459850397602593,5.322211472663363,BULL-LEAN
2017-02-01,14,ALL-ALIGN BULL,0.20478637969805202,0.6040337754118719,0.09522279840301628,2.1035060346014545,BULL-LEAN
2017-02-10,13,TOP-WARNING,0.1307776722711429,0.32012099777680714,1.173018860414743,3.3371050372147826,BEAR/AVOID
2017-02-16,14,ALL-ALIGN BULL,0.4978354978355082,1.8398268398268414,1.3619275461380642,3.97413989519253,BULL-LEAN
2017-03-01,13,ALL-ALIGN BULL,-0.5147667061637828,-0.24033624717744173,2.3239956180554078,2.5481231415860117,BULL-LEAN
2017-03-06,10,ALL-ALIGN BULL,-0.18463872727577657,1.3783755138925269,1.7632719544371733,3.365891481516581,BULL-LEAN
2017-03-10,9,ALL-ALIGN BULL,1.7062974632186423,2.1523188073266253,1.2384507333889294,3.385173287966392,BULL-LEAN
2017-03-24,9,ALL-ALIGN BULL,-0.6895037329819886,0.7218928414580494,0.8064339042600066,2.1805006587615416,BULL-LEAN
2017-03-28,10,ALL-ALIGN BULL,0.47248593530238026,1.8058851969057654,1.1279228199718938,2.6519646624472593,BULL-LEAN
2017-04-11,13,ALL-ALIGN BULL,-0.363213164447318,-1.4452744397531636,1.2433690592183577,2.0071451770055093,BULL-LEAN
2017-04-18,9,EARLY-UP,-0.01812161249402644,2.2124841435890774,2.271242099251536,4.619363766659523,BULL-LEAN
2017-04-20,11,EARLY-UP,-0.1860689111685132,2.2519810866424406,1.6297447572347856,3.1905345650365513,BULL-LEAN
2017-05-04,10,ALL-ALIGN BULL,-0.7970170621481087,0.6677421767326663,0.7430634942681147,2.737208730862517,BULL-LEAN
2017-05-09,10,ALL-ALIGN BULL,0.9708216832942318,2.097275366674345,0.7438136279965812,3.4378572156898546,BULL-LEAN
2017-05-16,9,ALL-ALIGN BULL,0.14192225814082526,-1.3256590186338735,1.1805829325343575,0.9950327209650611,BULL-LEAN
2017-05-25,10,BEAR,0.8974999342779899,1.1183259286521752,1.4458844869738918,1.2644917058808103,BEAR/AVOID
2017-06-05,10,ALL-ALIGN BULL,-0.39224400781388,-0.606712075327398,-0.1813934739692713,-0.638753087823396,BULL-LEAN
2017-06-13,11,ALL-ALIGN BULL,0.11710333198013956,0.4850680240243932,-1.2038222527558262,2.1776015155773543,BULL-LEAN
2017-06-16,11,ALL-ALIGN BULL,0.7248606338097874,-0.1366284072360724,0.2810790515276995,3.419882040665212,BULL-LEAN
2017-06-19,9,ALL-ALIGN BULL,-0.04193610180635021,-1.5133237725924231,-0.4581907419583642,1.7561389793477655,BULL-LEAN
2017-06-22,9,ALL-ALIGN BULL,-0.571651090342673,-1.1329179646936693,0.3717549325025882,2.962097611630332,BULL-LEAN
2017-06-29,9,CHOP-DOWN,0.1767658168579711,1.7934365168716493,4.078239917509285,5.433970602161153,CHOP
2017-07-10,10,STRONG-FLOW,0.15351471950302287,1.4829521903992005,1.9992733636610138,2.9305959953126903,BULL-LEAN
2017-07-13,9,TOP-WARNING,-0.054085748657972665,-0.18601453744049312,1.3026072363698793,-0.7223227554414402,BEAR/AVOID
2017-07-24,9,ALL-ALIGN BULL,-0.018562369561736514,1.110732059720676,0.9130679081714499,-2.015271311607003,BULL-LEAN
2017-07-31,13,TOP-WARNING,0.37262704547935677,-0.19549275089063567,-2.8078514652032927,-1.9122565023667604,BEAR/AVOID
2017-08-07,9,ALL-ALIGN BULL,-0.7839998409131632,-2.617475689542026,-2.9018434187762288,-1.403941376498885,BULL-LEAN
2017-08-14,11,BEAR,1.0531797042111934,-0.29201104741095607,0.921468427581762,2.9114318240990755,BEAR/AVOID
2017-08-23,10,CHOP-DOWN,0.04618117229129304,0.6637909160111644,0.7855874143618324,2.7343313879725883,CHOP
2017-08-30,11,CHOP-MID,0.33891789081785806,0.32171907247784404,1.9717939379223726,-1.5038849095544427,CHOP
2017-09-08,9,CHOP-UP,0.7171759874381012,1.5158835608165333,0.29794258565849496,0.5430406248741804,BULL-LEAN
2017-09-11,9,CHOP-UP,0.8694739682492125,1.4696108854143297,-1.3336931156650134,0.10893409487262584,BULL-LEAN
2017-09-18,10,CHOP-UP,-0.054663107819297174,-2.7627030168125954,-2.891727649683351,0.8012331209187318,BULL-LEAN
2017-09-26,14,CHOP-DOWN,-1.375170946664639,0.43964949602390835,1.147748569113105,4.784480575393801,CHOP
2017-09-28,13,WEAK,0.20114751329467495,2.1573454670153813,4.079251096586645,6.087655275131909,BEAR/AVOID
2017-10-11,9,CHOP-UP,1.1176989023315542,2.2639411906097306,3.595465106962581,3.246434580562463,BULL-LEAN
2017-10-12,14,CHOP-UP,0.7037161760627741,0.49671169921952085,2.2448595539003913,2.2319836773503354,BULL-LEAN
2017-10-25,9,CHOP-UP,0.47060080521788006,1.4098597910707333,0.07576235873476556,0.4560311208458012,BULL-LEAN
2017-10-30,9,CHOP-UP,-0.27355227164175266,0.8505690562687906,-1.3383315723707323,0.346403052978439,BULL-LEAN
2017-11-01,10,CHOP-UP,-0.1599540251903675,-1.3155500215506932,-3.088453618121745,-0.758584358986647,BULL-LEAN
2017-11-10,14,CHOP-MID,-0.9378254656429275,-0.36960786688303715,0.6583185990747698,-0.5435124857703477,CHOP
2017-11-13,11,CHOP-MID,-0.3750629587430776,0.7217639206059667,1.7075878121653343,0.951593895324665,CHOP
2017-11-16,10,CHOP-DOWN,0.6740253065420143,1.3118284833206983,0.1155192246506287,0.36564771531364393,CHOP
2017-11-23,10,CHOP-MID,0.3956999637637404,-1.1808189394854507,-1.7591496557555208,0.8846479043362665,CHOP
2017-11-24,10,CHOP-MID,0.09480543230313554,-2.5785152603058914,-1.1939709520005448,0.9942539245598958,CHOP
2017-12-05,14,CHOP-DOWN,-0.7328342351691219,1.2047537864749325,3.4091863711610326,3.8203246608850217,CHOP
2017-12-15,9,CHOP-MID,0.5371011056540809,1.5459802095178166,1.0543633416398634,3.553577044976186,CHOP
2017-12-27,9,CHOP-UP,-0.12248885923313857,0.13392750756617833,1.5294426041989384,5.5181946000047555,BULL-LEAN
2018-01-04,11,CHOP-UP,0.5145266925596026,1.3936486177747565,2.971974716320158,2.4350772979971236,BULL-LEAN
2018-01-12,9,CHOP-UP,0.5645406670567565,1.998361614979527,4.205032182562896,-1.3247513165593916,BULL-LEAN
2018-01-15,9,CHOP-UP,-0.3826263434978938,2.0914113884867858,2.868301129725226,-2.2403656827925222,BULL-LEAN
2018-01-17,14,CHOP-UP,0.2637055025930257,2.7570896923126975,2.1165958353995817,-3.1167302371495675,BULL-LEAN
2018-01-22,9,TOP-WARNING,1.071474166073938,0.7609746311393106,-4.267202859696162,-5.186390910251504,BEAR/AVOID
2018-01-29,12,TOP-WARNING,-0.7254905484079588,-4.167415366923022,-5.306637676992743,-5.175914612233168,BEAR/AVOID
2018-02-07,10,BEAR,0.955930779730263,0.6566953334542269,-0.897229089312479,-2.384815829411935,BEAR/AVOID
2018-02-20,13,BEAR,0.35761167522490034,1.871549361028535,-1.9902706459209996,-1.98013590208872,BEAR/AVOID
2018-02-21,10,BEAR,-0.14186170647610963,0.9175326642590242,-1.488826587288239,-2.7189358929352925,BEAR/AVOID
2018-03-08,13,PANIC,-0.1542569549872308,1.1471640639873382,-1.2487002875232411,1.334615553592089,BEAR/AVOID
2018-03-21,9,BEAR,-0.3988084980675044,-0.4091479776470175,1.7365402131902297,4.025504049629491,BEAR/AVOID
2018-03-26,13,PANIC,0.5281003686831598,-0.022209828589481173,2.8280515070602474,4.342268265116256,BEAR/AVOID
2018-04-05,10,CHOP-DOWN,0.062468826118755594,1.2929594243182851,2.3258742003748,2.838699679907797,CHOP
2018-04-13,9,CHOP-UP,0.45560368681183405,0.7962330400931084,2.019922523519635,3.1105089403278496,BULL-LEAN
2018-04-17,9,CHOP-UP,-0.21329642515190983,0.6223515693877024,1.6054110933100718,1.8239214310768137,BULL-LEAN
2018-04-23,10,CHOP-UP,0.28012130716978945,1.4610711687624622,1.2574754126238652,-0.4534847468515846,BULL-LEAN
2018-04-27,9,CHOP-UP,0.44003628779589743,0.2169785733658891,1.0689935748155355,-0.03413671520626771,BULL-LEAN
2018-05-07,13,CHOP-UP,0.021464234053469866,0.8501703140310735,-1.8552564042741748,-0.8119079837618393,BULL-LEAN
2018-05-11,13,CHOP-UP,0.0009253689908783613,-1.9442002498496258,-1.8632304631471808,-0.3595058529588746,BULL-LEAN
2018-05-22,14,CHOP-DOWN,-1.0093292966488643,0.9167955811591799,0.5357464860914707,1.6489982632133415,CHOP
2018-05-24,10,WEAK,0.8683783770930598,2.1143539236340603,2.4206166152265896,2.1614346790186367,BEAR/AVOID
2018-05-31,12,CHOP-MID,-0.3721073196629954,0.2999212939461593,0.6697000321344238,-1.3696716234404271,CHOP
2018-06-06,12,CHOP-MID,0.7833667925482013,1.610253962460173,0.8179959100204526,0.797873585002784,CHOP
2018-06-11,9,CHOP-UP,0.5182187736107124,0.11958894775632167,-0.22712629612633428,0.6113869073278266,BULL-LEAN
2018-06-20,12,CHOP-MID,-0.28731764148883787,-0.9343625400921818,-0.019959060717311683,1.9346363969718006,CHOP
2018-06-22,12,CHOP-MID,-0.5488895151937956,-0.9938226828130281,-0.45463576005951856,1.7404602725042517,CHOP
2018-06-29,11,CHOP-DOWN,-0.5319992906676174,0.5445992738676297,2.8429295427606194,5.264459647387154,CHOP
2018-07-18,9,CHOP-UP,-0.21265066550095746,1.3801802294077126,3.330919953189526,3.6847305893656257,BULL-LEAN
2018-07-20,11,CHOP-UP,0.6770994169043254,2.4354689288114573,3.1843199941872014,4.918620915151406,BULL-LEAN
2018-07-27,9,ALL-ALIGN BULL,0.3653016620338789,0.7310466513275271,1.3401783062238604,4.0799407714780855,BULL-LEAN
2018-08-01,9,TOP-WARNING,-0.894572632246915,0.9148437362288542,0.34240538682552835,2.9463608961590504,BEAR/AVOID
2018-08-03,14,ALL-ALIGN BULL,0.23149778184636816,0.604710935849595,1.6807795225688427,1.4039504260263458,BULL-LEAN
2018-08-07,12,ALL-ALIGN BULL,0.5316323439674475,0.40080952109189383,1.6971846752916075,1.2946191431544074,BULL-LEAN
2018-08-08,10,ALL-ALIGN BULL,0.18078602620088535,-0.5672489082969467,0.9353711790393016,1.2148471615720524,BULL-LEAN
2018-08-14,12,ALL-ALIGN BULL,-0.43768747103217764,1.2911999020559506,2.113667567402122,0.7004748537398076,BULL-LEAN
2018-08-17,9,ALL-ALIGN BULL,0.7061438877143944,1.928383061264527,0.9729093564065261,-1.6725148747902319,BULL-LEAN
2018-08-27,10,ALL-ALIGN BULL,0.3981371798545075,-0.9373970980033342,-2.1711519464246765,-5.458028814697302,BULL-LEAN
2018-09-06,13,BEAR,0.4524612330868871,-0.18809212180047608,-4.936334717298408,-10.712149710927555,BEAR/AVOID
2018-09-14,9,BEAR,-1.1936397109907015,-4.757190496040032,-4.402007781019879,-8.080189662359327,BEAR/AVOID
2018-09-25,14,PANIC,-0.1233346434815763,-1.8902276495489034,-5.487713972053188,-8.516415253739584,BEAR/AVOID
2018-10-01,14,PANIC,-1.3630624165402394,-6.424697728077911,-3.847551393039794,-5.647556843472645,BEAR/AVOID
2018-10-09,9,PANIC,1.544017357453864,2.754088175477265,-0.7407011906553129,2.886598938943119,BEAR/AVOID
2018-10-12,9,PANIC,0.3819527333492445,-2.1699689663404187,-2.1164955836715182,1.0503700167104224,BEAR/AVOID
2018-10-24,12,PANIC,-0.976551993936281,1.582923787867685,3.6543680774591136,2.953617447859358,BEAR/AVOID
2018-10-26,11,PANIC,2.201894317048847,5.2143569292123715,4.508474576271193,6.5363908275174465,BEAR/AVOID
2018-10-29,10,PANIC,-0.5116648863265016,2.664657077217991,3.2353414594887164,4.663027944024156,BEAR/AVOID
2018-11-14,10,CHOP-UP,0.38198613881983423,0.22455868309332327,2.670120930760289,2.0352108015090353,BULL-LEAN
2018-11-15,10,CHOP-MID,0.6169525370407047,-0.847250087126894,2.4494428588921258,1.7778594101745426,CHOP
2018-11-26,14,CHOP-MID,0.5362888809438582,2.4005983854882063,-1.3186120467418072,0.32835933236738946,CHOP
2018-12-11,13,CHOP-DOWN,1.7863998521207902,3.40833147694366,1.7129342174488027,2.58267253759783,CHOP
2018-12-19,9,CHOP-UP,-0.14224102559425855,-1.7096277114695524,-2.1878675699579575,-0.5502721727316473,BULL-LEAN
2018-12-27,9,CHOP-MID,0.7430564574481879,-0.4865581921742468,0.14054064082822393,0.006957457466749695,CHOP
2019-01-02,9,CHOP-MID,-1.1141996757007222,0.5804957146166245,0.9061848505906855,-1.303683113273113,CHOP
2019-01-07,9,CHOP-DOWN,0.28175421006702006,-0.31749568317271937,1.7643290814905788,1.30386750589504,CHOP
2019-01-15,10,CHOP-MID,0.03214902450674462,0.3302164088621051,-2.1549031855090384,-0.5088731307638539,CHOP
2019-01-21,9,CHOP-UP,-0.3566916168347478,-2.739501087863827,-0.4524783681586597,-3.261310818885499,BULL-LEAN
2019-01-25,10,CHOP-MID,-1.1038397855396953,1.049111594491925,1.5124460254810845,0.9234222743737641,CHOP
2019-01-30,10,CHOP-DOWN,1.6818753637882988,3.8552169586361096,0.8848269776000395,1.320903509266036,CHOP
2019-02-18,12,CHOP-DOWN,-0.3439542522049255,2.247449710787097,3.256288207349911,8.3775414789093,CHOP
2019-02-26,12,CHOP-MID,-0.26441353723477556,2.0091737192325043,4.6736130979299295,6.780615211392393,CHOP
2019-03-01,13,CHOP-MID,1.1409766649790543,2.80342431076539,5.51111520228289,7.184148755005304,CHOP
2019-03-11,10,CHOP-UP,1.1922403642534052,2.633852821217686,2.8223369343797877,3.727150218704245,BULL-LEAN
2019-03-15,12,TOP-WARNING,0.30935909721401256,-0.6353456989459105,2.5059399572060492,3.1530999356778056,BEAR/AVOID
2019-03-26,14,ALL-ALIGN BULL,-0.3326584372891017,1.3994296039884224,0.879977358326256,2.363442405242422,BULL-LEAN
2019-04-09,14,ALL-ALIGN BULL,-0.7509456431873174,0.9869816097567208,-0.2583115931785285,-4.487253629427812,BULL-LEAN
2019-04-12,10,ALL-ALIGN BULL,0.40280157513450376,-0.5797250814835841,0.6982466536979981,-3.318174596017509,BULL-LEAN
2019-04-24,14,EARLY-UP,-0.7193324322134709,-0.11853848023434255,-3.81412484063397,1.005871492348298,BULL-LEAN
2019-04-26,13,ALL-ALIGN BULL,-0.05529726533755053,-2.1842419808331126,-4.530972849042724,1.4811159838872268,BULL-LEAN
2019-04-30,14,ALL-ALIGN BULL,-0.19918029647221225,-3.3086060358439306,-5.0318560794678335,0.9614279695101091,BULL-LEAN
2019-05-10,11,BEAR,-1.1588009469008398,1.137078970466976,5.0111269716018425,5.708003440051779,BEAR/AVOID
2019-05-14,13,PANIC,-0.5796623611550422,4.340116110692804,6.297423376299349,6.096479698450841,BEAR/AVOID
2019-05-27,11,ALL-ALIGN BULL,0.03354368016101894,1.373613702593346,0.342564833644321,-1.075913541164375,BULL-LEAN
2019-05-31,9,ALL-ALIGN BULL,1.3901935786895692,-0.0008387291575706612,-2.102274633475354,-0.47975307813600265,BULL-LEAN
2019-06-03,11,ALL-ALIGN BULL,-0.5534162492606631,-1.0170781441942944,-3.2845130309259507,-1.4745358210868975,BULL-LEAN
2019-06-10,11,ALL-ALIGN BULL,0.3598178264990315,-2.1014535298212733,-1.8708010769372785,-3.0538384761840898,BULL-LEAN
2019-06-19,9,BEAR,1.2000222384733972,1.3351637307605024,1.9270492539419815,-0.033785373071781866,BEAR/AVOID
2019-06-25,12,CHOP-DOWN,0.4331811689109788,0.9651208626323848,-2.0391728019870436,-3.9452547164613216,CHOP
2019-07-01,13,CHOP-MID,0.3767192556634269,-2.587311218985977,-2.33658643473571,-5.7005124056094925,CHOP
2019-07-02,13,CHOP-MID,0.054154807183715015,-2.975575762155447,-2.0797125177367426,-6.925938053617453,CHOP
2019-07-10,12,CHOP-DOWN,0.7305046569671791,1.6401568845715753,-1.979319761020626,-5.595317813008194,CHOP
2019-07-23,13,WEAK,-0.5273121202359898,-2.1679367754974144,-3.378327692490979,-5.20428380423702,BEAR/AVOID
2019-07-24,14,WEAK,-0.16990054385918052,-1.3600915599797703,-3.6890154640547124,-3.9210206453558993,BEAR/AVOID
2019-07-30,9,PANIC,0.294080502282279,-1.2372129106753005,-0.5051689609756993,-1.2367618669601455,BEAR/AVOID
2019-07-31,14,PANIC,-1.2412304371289817,-2.361036157582297,-0.6314085267134395,-0.852221622593996,BEAR/AVOID
2019-08-02,12,PANIC,-1.2252951847490534,1.0211550964550398,0.17867940913038893,-1.3885163243872456,BEAR/AVOID
2019-08-06,9,PANIC,-0.847167355513434,0.7412143493252366,-1.8897997396844168,-0.01872445367980813,BEAR/AVOID
2019-08-19,9,BEAR,-0.3338188331719949,0.03573399433685065,-2.3159246962610514,-1.9291833651471468,BEAR/AVOID
2019-08-23,14,BEAR,2.110006602427661,1.790504508580848,1.6039743844274978,7.007345777909113,BEAR/AVOID
2019-09-05,9,BEAR,0.9061661704108825,2.101789286405653,3.929792863134818,2.5673171765963954,BEAR/AVOID
2019-09-20,10,BEAR,2.891557715846793,2.1127884905359107,-1.310957761969822,2.926149970729619,BEAR/AVOID
2019-10-09,12,CHOP-MID,-0.696083370899736,1.332060495169407,2.3803841496292,5.257970707043924,CHOP
2019-10-29,9,CHOP-UP,0.48571077090147075,1.1058934320874458,0.4547440579968365,2.6627131082519906,BULL-LEAN
2019-11-07,9,ALL-ALIGN BULL,-0.8649647645489256,-0.9706919301867623,-0.8129336790972386,-0.7538263660241129,BULL-LEAN
2019-11-15,9,ALL-ALIGN BULL,-0.0920520030768146,0.1593046080644145,1.350096045126481,1.6077575879853256,BULL-LEAN
2019-11-18,14,ALL-ALIGN BULL,0.4678362573099504,1.5924102823004826,1.3774243762884497,1.425806723042622,BULL-LEAN
2019-11-25,11,ALL-ALIGN BULL,-0.29858163370948265,-0.21161610932808328,-1.1284812092349106,1.5653794388652997,BULL-LEAN
2019-11-27,14,ALL-ALIGN BULL,0.4169180295354735,-0.4751791218689849,-1.5747022899501806,0.21362400522282332,BULL-LEAN
2019-12-05,9,ALL-ALIGN BULL,-0.8062637289489416,-0.38773880050589904,2.0077547760101178,1.7327597683551854,BULL-LEAN
2019-12-11,14,CHOP-DOWN,0.5176257225979475,2.615416262599557,1.8169376540177806,2.567138113289924,CHOP
2019-12-27,14,STRONG-FLOW,0.08206895425371119,-0.15638014666252698,0.08982671609858439,0.020006859494681173,BULL-LEAN
2020-01-02,10,CHOP-MID,-0.45228053606032326,-0.5398055722916184,0.5967986191398822,-2.006155249059627,CHOP
2020-01-08,14,CHOP-DOWN,1.5845692640962472,2.6439978877953463,0.6781507398953002,0.5305458884772518,CHOP
2020-01-23,12,CHOP-DOWN,0.5574552455389181,-1.1867475072555478,-0.3481016555353489,-0.8168894982492292,CHOP
2020-01-29,12,CHOP-DOWN,-0.772496805309375,-0.33266004369512103,0.5911208211385466,-4.090852879343753,CHOP
2020-02-04,9,WEAK,0.9140500765882242,1.0705655006615356,0.10726523729824855,-6.082398066721484,BEAR/AVOID
2020-02-11,11,CHOP-MID,0.770571279908161,-0.9530967384930422,-3.5464448830928585,-20.79427481231262,CHOP
2020-02-19,10,CHOP-DOWN,-0.37151881509825957,-4.062378874970108,-7.066691956885673,-27.877930710297782,CHOP
2020-03-02,11,WEAK,1.5319664952504919,-6.1197817250903785,-19.453414475309337,-22.770654151040848,BEAR/AVOID
2020-03-11,13,PANIC,-8.301939111145106,-19.02394247686071,-20.467279889849298,-14.003576072821843,BEAR/AVOID
2020-03-13,12,PANIC,-7.612102217936368,-12.151940694310515,-13.007774831243978,-9.667309546769543,BEAR/AVOID
2020-03-17,9,PANIC,-5.55645390624564,-13.003161574876898,-4.118411294684421,3.2875917944028554,BEAR/AVOID
2020-03-20,9,PANIC,-12.980464127060365,-0.9742208805721964,0.5345636874031667,6.49995140330113,BEAR/AVOID
2020-03-24,12,PANIC,6.624749232475113,10.212727773825314,16.803507220181892,18.98782856153978,BEAR/AVOID
2020-04-07,10,BEAR,-0.4941880302995916,2.2815677532358025,5.933668478878995,5.22394849980663,BEAR/AVOID
2020-04-15,10,BEAR,0.7562770999294033,2.935475558244538,7.036738260898812,2.4363326722911305,BEAR/AVOID
2020-04-17,14,BEAR,-0.0528772223271301,-1.2123991690722202,0.288666468826726,-4.785928184099064,BEAR/AVOID
2020-04-22,14,BEAR,1.3779891807168543,3.9843044202322986,0.12789394054837366,-0.8821960750165947,BEAR/AVOID
2020-04-27,9,BEAR,1.0622367301207802,-0.8263038255604593,-0.9238012130614148,0.351744718442637,BEAR/AVOID
2020-04-28,14,EARLY-UP,1.8383097570595641,-1.1725953799742062,0.028248888699367036,1.164067413574399,BULL-LEAN
2020-05-08,9,CHOP-MID,-0.13295141328432125,-1.2392584986218425,-2.294222558504022,9.900556666486526,CHOP
2020-05-13,9,CHOP-MID,-2.5661929653489235,-3.3782523671744724,1.1354977593768023,5.525094447197487,CHOP
2020-05-19,11,CHOP-DOWN,2.111137390050777,4.908718225946318,13.31722809744229,11.285490646574537,CHOP
2020-05-22,14,CHOP-DOWN,-0.11284122023398346,8.705368255109658,12.481123987056453,14.071410791824546,CHOP
2020-05-27,10,CHOP-MID,1.8803106833638283,8.015072544672798,8.601227059726547,10.63183377259136,CHOP
2020-06-08,10,CHOP-UP,-1.188105178781318,-3.4792401241215853,1.413825492134202,5.863810493289856,BULL-LEAN
2020-06-15,14,CHOP-UP,1.0220406166889129,5.069443736816903,5.081671540805188,10.077748453692292,BULL-LEAN
2020-06-30,11,CHOP-UP,1.241979790528136,4.829597848982248,2.9629881286339588,9.691713339998632,BULL-LEAN
2020-07-01,10,CHOP-UP,1.1663414844607756,2.6433238575078732,1.8039223206025135,7.409360453689118,BULL-LEAN
2020-07-15,11,EARLY-UP,1.1466161873010527,4.844512252547517,5.506112147068243,6.500160102465569,BULL-LEAN
2020-07-17,9,EARLY-UP,1.1053321958960582,2.682609134355185,1.5754423622003966,2.538136253978718,BULL-LEAN
2020-07-28,13,ALL-ALIGN BULL,-0.8645596895726193,-1.8167257345881316,0.19423833353244824,1.519395073691121,BULL-LEAN
2020-08-04,11,EARLY-UP,0.05768234154255314,2.048173768053907,2.6146323877334954,3.3798246997589043,BULL-LEAN
2020-08-18,9,ALL-ALIGN BULL,0.2024531525161688,0.7632615598115011,0.7456951257537092,1.1984699635935625,BULL-LEAN
2020-08-21,13,ALL-ALIGN BULL,0.8340954658974997,2.427099088958462,-0.33196735727601956,1.1726582011326592,BULL-LEAN
2020-08-24,9,ALL-ALIGN BULL,0.05058235112000986,-0.68853045188354,-0.9715299853049641,-1.8828844149671564,BULL-LEAN
2020-08-26,14,ALL-ALIGN BULL,0.08355267714899028,-0.12641130428759917,-2.3515965920897774,-3.617008381242637,BULL-LEAN
2020-09-02,14,ALL-ALIGN BULL,-0.06545296922408905,-2.2280017338534908,0.6029475509319315,-2.4919809276116256,BULL-LEAN
2020-09-08,10,CHOP-DOWN,-0.3476962363097358,1.8065183103818327,-1.4464516870115407,3.7243701043088606,CHOP
2020-09-10,9,CHOP-DOWN,0.1327597877590403,0.5838810402428063,-5.622202327663395,4.060964692010405,CHOP
2020-09-15,13,CHOP-DOWN,0.7182037528858265,-3.1952472703917767,-2.5985523095349627,3.89913034421705,CHOP
2020-09-25,11,WEAK,1.6044885862310787,4.1003597203683295,7.969955430872622,6.4930657677428005,BEAR/AVOID
2020-10-19,10,STRONG-FLOW,0.20003284749916528,-0.8868824775436712,-1.717334636003387,8.43212148521233,BULL-LEAN
2020-10-23,11,STRONG-FLOW,-1.362910560042252,-2.4135922248718633,2.792876990197257,8.349294027417464,BULL-LEAN
2020-10-27,14,CHOP-MID,-1.3440543677561423,-0.638383770417339,6.238329940955811,8.150116910861783,CHOP
2020-11-02,11,CHOP-DOWN,1.237022405230892,6.786269779718324,10.326801866459867,12.379650617225767,CHOP
2020-11-17,14,TOP-WARNING,0.4975066411893492,1.4055242267480672,1.8606981404669654,6.280001864193507,BEAR/AVOID
2020-11-23,13,ALL-ALIGN BULL,0.9956329850809631,1.4126074831063429,3.6088794680674052,4.176320644879294,BULL-LEAN
2020-11-27,11,ALL-ALIGN BULL,1.0802724970024435,2.982508221559943,4.54315885248997,7.430439626955154,BULL-LEAN
2020-12-01,9,ALL-ALIGN BULL,0.035853093855009455,2.1656794351993636,3.4998722256761594,6.65875864383767,BULL-LEAN
2020-12-03,9,ALL-ALIGN BULL,0.949070725374801,2.622221883827347,4.620105223886295,6.735242388018792,BULL-LEAN
2020-12-16,9,TOP-WARNING,0.4238929451058526,-0.5963735227696332,2.185606641963944,6.671928785985215,BEAR/AVOID
2020-12-23,11,BEAR,1.0892501341803307,2.7986706957525476,3.942695811368191,7.2733087764960125,BEAR/AVOID
2021-01-04,14,TOP-WARNING,0.47124086351704175,2.489581048475542,1.0500321943833102,3.643625865887401,BEAR/AVOID
2021-01-05,13,TOP-WARNING,-0.37501320469031096,2.56311841966268,2.265220606359386,4.158245008627071,BEAR/AVOID
2021-01-08,11,TOP-WARNING,0.9583718134137165,0.6025544965063023,0.17180992873198075,5.356775688720838,BEAR/AVOID
2021-01-19,12,ALL-ALIGN BULL,0.8508279302947841,-3.8127145577313115,1.851093060811304,4.736195136060162,BULL-LEAN
2021-01-29,13,BEAR,4.742346676836884,9.458656652927111,11.211916741231853,6.560881874055702,BEAR/AVOID
2021-02-15,10,ALL-ALIGN BULL,-0.008162092629959705,-4.172461752433931,-3.6118892306085115,-2.6396207565280383,BULL-LEAN
2021-02-24,9,BEAR,0.7699239086904397,1.7594446669336516,1.286877586437063,-4.385929782405551,BEAR/AVOID
2021-03-01,14,CHOP-DOWN,1.0672998431736636,1.3186284638130985,1.0087016607334798,-0.47996314750143876,CHOP
2021-03-10,9,CHOP-DOWN,-0.9479531855444479,-4.065621952183873,-5.600732793842422,-5.693649998682027,CHOP
2021-03-19,14,CHOP-DOWN,-0.051546391752577136,-1.6053988062940894,-0.4103364080303873,-2.2914405860010922,CHOP
2021-03-26,11,CHOP-DOWN,2.3284829017115705,1.2145609451793327,-0.017232703535463578,2.6717583561379543,CHOP
2021-04-07,9,CHOP-MID,0.36945688151399647,-1.6033416447073123,-3.2235534666527177,0.027667090670457917,CHOP
2021-04-15,11,CHOP-DOWN,0.2496322382204763,-1.6466126482620025,0.3405011161441429,2.343388346152131,CHOP
2021-04-22,13,BEAR,-0.449807894545029,3.3926482786865275,2.211902555505807,5.33903922977339,BEAR/AVOID
2021-05-05,14,CHOP-MID,0.7316397418224874,0.5380408199564313,1.971562165434726,7.336920272133041,CHOP
2021-05-17,10,CHOP-MID,1.2393496011230853,1.839759032107846,4.420313405681764,5.955177023617675,CHOP
2021-05-21,13,CHOP-UP,0.14760828451498842,1.7156168247085768,3.2615500187805235,3.3478745065995463,BULL-LEAN
2021-05-26,11,CHOP-UP,0.23788595198495077,1.7955814645017387,2.18214613647727,2.5193690794009793,BULL-LEAN
2021-05-27,10,CHOP-UP,0.6376382609035725,2.298236063072734,2.607275465596537,2.950869906799203,BULL-LEAN
2021-05-28,9,CHOP-UP,0.953312623699043,1.5198582502194524,2.3562337834817537,2.7514228425754794,BULL-LEAN
2021-06-03,11,CHOP-UP,-0.12810421692314167,0.3020965115500873,0.006692011331810299,-0.06596411169923488,BULL-LEAN
2021-06-07,12,STRONG-FLOW,-0.07332565159839932,0.382182184088653,-0.032694987509240825,0.5250243625271045,BULL-LEAN
2021-06-11,9,STRONG-FLOW,0.07911717887127967,-0.7342074199255033,0.3860918328918661,-0.6933829556279303,BULL-LEAN
2021-06-14,14,STRONG-FLOW,0.36301887508418673,-0.41329762172042095,0.01802445634129235,-0.75418119954338,BULL-LEAN
2021-06-21,12,CHOP-DOWN,0.16670371193598932,0.43311212015368916,0.5579017559457666,0.0374686438256111,CHOP
2021-06-24,13,CHOP-DOWN,0.4426726280758242,-0.6994734158937921,-0.3961255062395419,0.4154409785661395,CHOP
2021-07-02,14,CHOP-DOWN,0.7133225630000961,-0.20607802979227818,1.2797191232779115,1.036432560328704,CHOP
2021-07-07,14,CHOP-DOWN,-0.9556255962820392,-0.16184235798647473,-0.3501336616361206,2.6130928578400603,CHOP
2021-07-12,11,CHOP-DOWN,0.7630985305175697,0.3810713329849724,0.3431553725959935,3.7438028115162503,CHOP
2021-07-13,9,CHOP-DOWN,0.26308549962530403,-1.1399317621985317,-0.6510733698659621,2.971727795046264,CHOP
2021-07-22,10,CHOP-DOWN,0.2022238301825352,-0.28816895801010434,2.9736382278872986,3.9588474505578564,CHOP
2021-07-29,10,CHOP-DOWN,-0.09760147543010911,3.271233866444412,3.7136093849522434,5.873517360704006,CHOP
2021-08-12,11,CHOP-UP,1.006453032191823,0.5261421133680555,2.0825694800909345,6.055217423186909,BULL-LEAN
2021-08-18,9,TOP-WARNING,-0.7142921808091618,0.4107104596879241,4.015366184134694,6.133799267903339,BEAR/AVOID
2021-08-24,10,STRONG-FLOW,0.06045258231779371,3.0533065457214237,4.43619696112989,5.54629885831841,BULL-LEAN
2021-08-27,12,ALL-ALIGN BULL,1.3519742355673658,3.701841342815393,3.8916026147546745,6.883485381797261,BULL-LEAN
2021-09-02,13,TOP-WARNING,0.5190276282845296,0.7839086929149364,2.0366539690092056,1.728544778825758,BEAR/AVOID
2021-09-06,9,TOP-WARNING,-0.09034515301131751,0.012659830358274782,1.0599730690881604,2.557861179205645,BEAR/AVOID
2021-09-14,10,TOP-WARNING,0.8023590333716912,1.0471806674338335,2.120828538550046,3.521001150747982,BEAR/AVOID
2021-09-15,9,TOP-WARNING,0.6281589890093642,0.15525601545711698,1.0950686237296114,3.6662109826506972,BEAR/AVOID
2021-09-22,10,TOP-WARNING,1.574659550398505,0.9383557545172394,0.5662049451034656,3.5986926279375053,BEAR/AVOID
2021-10-04,9,ALL-ALIGN BULL,0.7407616759697477,1.4396947643609215,4.112202359923689,1.1175015897689544,BULL-LEAN
2021-10-07,10,ALL-ALIGN BULL,0.5893644588217839,3.081445840020014,1.8243036252800104,1.563769122024028,BULL-LEAN
2021-10-13,9,ALL-ALIGN BULL,0.9734744724489541,0.09002436439218275,-1.6766005478546897,-0.3248585626385081,BULL-LEAN
2021-10-25,14,ALL-ALIGN BULL,0.7889481059728309,-1.0799761660432283,-0.4477142573405368,-3.919085923621013,BULL-LEAN
2021-11-01,13,BEAR,-0.22699829611844136,0.6391647355079355,0.3879049507380161,-4.254126544578396,BEAR/AVOID
2021-11-12,12,CHOP-DOWN,0.037010951374805146,-3.790584303489808,-5.793594895803123,-4.05739459474389,CHOP
2021-11-23,13,WEAK,-0.5044748576701008,-2.9717168427757956,-1.866214181856607,-4.184913173763882,BEAR/AVOID
2021-11-30,9,PANIC,1.0816571670827724,1.1393612511187534,2.011988317867064,1.4723373686937657,BEAR/AVOID
2021-12-07,12,BEAR,1.7060902268771105,0.8627966955235822,-2.3627937846035785,3.659317563909248,BEAR/AVOID
2021-12-13,9,BEAR,-0.24959336720740133,-4.3415427576180665,-1.623652354151972,3.6563844946957857,BEAR/AVOID
2021-12-16,14,CHOP-DOWN,-1.5259386377866946,-1.0192249715915813,-0.25770506249855885,5.852137009809599,CHOP
2021-12-21,11,WEAK,1.1007194030117962,2.757164961823655,6.167844802141831,8.003172170760585,BEAR/AVOID
2021-12-31,10,CHOP-MID,1.5653406553513438,2.6428989198486796,5.195905278594926,-0.08182527997787625,CHOP
2022-01-10,11,CHOP-UP,0.2913354773847132,1.6930229457932766,-4.744685696511198,-4.091194392139219,BULL-LEAN
2022-01-25,14,WEAK,-0.9711800300382767,2.905726663174746,1.0756484420894719,-1.2426242696616296,BEAR/AVOID
2022-01-27,13,CHOP-DOWN,-0.04792476980038929,2.6303100791050804,2.897110779274281,-5.039114209986472,CHOP
2022-02-09,9,CHOP-DOWN,0.8133968552090476,-0.8108200964280332,-2.2936016216401844,-4.9754348996209234,CHOP
2022-02-15,13,WEAK,-0.1743269682379145,-1.4997882143443775,-4.301986174862915,-2.1731801561162944,BEAR/AVOID
2022-02-23,10,CHOP-DOWN,-4.7781049917219764,-3.312381873324255,-2.744787774896329,0.5259842058224606,CHOP
2022-02-25,13,WEAK,0.8134034481102725,-4.773867838447876,1.2780339048167777,4.0033856792969225,BEAR/AVOID
2022-03-08,14,PANIC,2.072632693142329,4.056277691565513,7.694781574239151,11.20433135895138,BEAR/AVOID
2022-03-16,14,BEAR,1.836191890005212,1.4574073583166314,2.883003885045099,1.1681644266539504,BEAR/AVOID
2022-03-29,9,CHOP-UP,0.9982511125348426,3.648421672351998,1.1832406942448248,-0.46319544250316147,BULL-LEAN
2022-04-01,9,CHOP-UP,2.1671774063478866,0.6445789439431193,-4.028193962236381,-5.6187024099556115,BULL-LEAN
2022-04-19,12,CHOP-DOWN,1.0490221804211775,1.4278848847048442,-1.657266350800346,-4.2358914182437974,CHOP
2022-04-20,11,CHOP-DOWN,1.4941747317867238,-0.5727523918174771,-2.648724509892586,-7.744557685181674,CHOP
2022-04-26,11,CHOP-DOWN,-0.9441421329240418,-3.041718989814435,-6.009604204455599,-6.831077624296544,CHOP
2022-05-10,9,WEAK,-0.4491981243900045,0.1185341178136845,-0.7075101369761749,1.0855877906779776,BEAR/AVOID
2022-05-11,13,WEAK,-2.2211775766835085,0.45277136901484827,-0.8739971918278577,1.1699686400158393,BEAR/AVOID
2022-05-13,10,WEAK,0.3811267793044637,3.066755796897125,3.613576097046356,2.6590166739005827,BEAR/AVOID
2022-05-20,11,PANIC,-0.316301030053201,0.5305496383594122,1.9559022878800514,-5.979595663386849,BEAR/AVOID
2022-05-26,14,CHOP-DOWN,1.1273859549849607,2.831451779977301,1.9044350237938268,-3.7940278847135023,CHOP
2022-06-03,10,CHOP-UP,-0.088939539202737,-2.3063982200032584,-7.783264895111641,-5.018300440778322,BULL-LEAN
2022-06-09,13,CHOP-MID,-1.6767709869463077,-6.7817284759772,-5.591967520527241,-2.094901718037878,CHOP
2022-06-15,10,WEAK,-2.112839859420146,-1.7770031512571616,0.6815509665660802,1.7492822844543232,BEAR/AVOID
2022-06-20,10,WEAK,1.8804376504464093,3.139383002771967,3.160881164027707,6.047823636902572,BEAR/AVOID
2022-07-04,12,CHOP-DOWN,-0.15471713602793757,2.403799095062631,2.798485666562467,9.502158146172945,CHOP
2022-07-15,14,CHOP-MID,1.4287316501756964,4.176220621588622,6.910313286643577,11.066283677691091,CHOP
2022-07-28,9,CHOP-UP,1.3505930441357172,2.672242699177785,4.53968197712884,2.2640818448161903,BULL-LEAN
2022-08-08,12,TOP-WARNING,0.055063879806693805,2.3917124581314786,0.4556322075195185,1.5614746848805483,BEAR/AVOID
2022-08-11,9,TOP-WARNING,0.22169998301151406,0.5631689223625447,-0.5668497649923498,1.5705872359703221,BEAR/AVOID
2022-08-16,9,TOP-WARNING,0.6675923198833145,-1.3898823298410967,-0.36998078568323267,1.0013884798249606,BEAR/AVOID
2022-08-24,10,ALL-ALIGN BULL,-0.46861820113093255,-0.3530257115186397,1.1008267561112062,0.14115348240124614,BULL-LEAN
2022-08-30,10,BEAR,-1.2190795808393329,-0.7596020113405211,1.3764619100978148,-5.071708907445682,BEAR/AVOID
2022-09-02,12,ALL-ALIGN BULL,0.7203760665243086,1.6756511749228098,-0.049032324274722594,-2.5377078528688313,BULL-LEAN
2022-09-05,9,ALL-ALIGN BULL,-0.05773868152022521,1.531490224048726,-0.2465215274711552,-4.406536924452897,BULL-LEAN
2022-09-08,9,ALL-ALIGN BULL,0.19439567385348688,0.44188496383172904,-0.9492239623569154,-2.7198539223259988,BULL-LEAN
2022-09-20,9,CHOP-DOWN,-0.549498351224309,-4.539956500385878,-3.0418859187539504,-1.7063074440468728,CHOP
2022-09-27,14,WEAK,-0.8749132730458631,1.5693168855909656,0.683232004891976,4.2896033491303776,BEAR/AVOID
2022-10-14,9,CHOP-DOWN,0.7337495708641395,2.2728198444055048,4.809230930366515,7.085542049494631,CHOP
2022-10-21,10,CHOP-UP,0.8787401216410862,2.480044150361582,3.5644589589390208,3.800003413687758,BULL-LEAN
2022-10-24,18,CHOP-UP,-0.4196099995770197,2.338592558126429,2.404015622576594,3.0258167308207407,BULL-LEAN
2022-10-28,9,CHOP-UP,1.267231879821007,1.8572761823374861,3.049171295567521,4.362504778824761,BULL-LEAN
2022-10-31,9,CHOP-UP,0.7394987841573997,1.058171683636644,2.1718612940118343,3.363553591454682,BULL-LEAN
2022-11-07,14,CHOP-UP,-0.25160964247258333,1.1020282593886765,0.22743753708220904,2.416935856022162,BULL-LEAN
2022-11-11,10,STRONG-FLOW,-0.11199093173185348,-0.22915905982113793,0.8885703853468874,0.8005580472705054,BULL-LEAN
2022-11-16,9,STRONG-FLOW,-0.35714964706010655,-0.7735073724921548,1.8941153145225265,1.3615142058648555,BULL-LEAN
2022-11-22,13,CHOP-MID,0.12634152223720552,2.0491443856129443,2.184529877988628,0.7733964766884815,CHOP
2022-11-30,14,STRONG-FLOW,0.28867144498316843,-1.0547302934426406,-0.5227005573517851,-3.389690457849426,BULL-LEAN
2022-12-08,14,CHOP-MID,-0.6058782278800745,-1.044904846219763,-2.5900958389196815,-3.316612348093817,CHOP
2022-12-13,9,CHOP-DOWN,0.2810619088563948,-1.1967970765262237,-2.556427343078249,-3.728772570937222,CHOP
2022-12-19,14,CHOP-DOWN,-0.1908205282715736,-2.203257792290647,-1.2106110328466424,-2.853350488180273,CHOP
2022-12-20,13,CHOP-DOWN,-1.0127656334136592,-1.3760993837467983,-0.8308268018471288,-1.8057904956677362,CHOP
2022-12-26,11,WEAK,0.6533589421913399,1.0150100474060064,0.480721192810285,0.5770319629633702,BEAR/AVOID
2023-01-09,9,BEAR,-1.0333569045146151,-1.1399796698561504,0.09584999889509227,-2.097650984465127,BEAR/AVOID
2023-01-13,11,BEAR,-0.34388469977613134,0.3956762416047699,-1.7132976175890602,-1.0341601416749113,BEAR/AVOID
2023-01-31,9,BEAR,-0.25959466995808533,0.3360293056054786,1.5156705157639117,-2.0280656658447582,BEAR/AVOID
2023-02-02,14,BEAR,1.38355744332892,1.60728887475583,2.4159019670194626,-1.6382364966156415,BEAR/AVOID
2023-02-08,9,CHOP-DOWN,0.12170078951638796,0.8065824739672101,-1.7759922111494797,-1.5784732286240333,CHOP
2023-02-14,11,CHOP-DOWN,0.47964706899388254,-0.5752976182176517,-3.4908267498054757,-5.341372069481887,CHOP
2023-02-27,14,WEAK,-0.5102715507080524,1.832665428599345,-2.0088887866748784,-2.535546522391574,BEAR/AVOID
2023-03-08,14,CHOP-MID,-0.9282206101023038,-4.405950074347764,-3.3935249853557448,-0.7341842022259404,CHOP
2023-03-16,12,WEAK,0.6738060474755114,0.5375141296156905,2.202748210248684,3.727569235116812,BEAR/AVOID
2023-03-29,9,BEAR,1.6337152458622883,3.1810757170373405,3.3924253689837203,5.908130228854769,BEAR/AVOID
2023-04-21,14,STRONG-FLOW,0.6771996221073051,2.5019788300645995,3.633387331515747,3.9170905665837363,BULL-LEAN
2023-05-04,14,STRONG-FLOW,-1.0232364508813596,0.22568170115799813,-0.6893699536585585,1.270555111252314,BULL-LEAN
2023-05-08,12,ALL-ALIGN BULL,0.008486454523559672,0.7361314907689209,0.27375659753399173,1.8037822211515175,BULL-LEAN
2023-05-15,10,ALL-ALIGN BULL,-0.6106359908363723,-0.4589960785592373,1.0859374363071828,1.1014275348731006,BULL-LEAN
2023-05-19,14,ALL-ALIGN BULL,0.6097761956557646,1.6257951811200044,1.8166935847149235,3.420240174912381,BULL-LEAN
2023-05-26,9,ALL-ALIGN BULL,0.5367756164405879,0.18784443777755122,0.34622838099718223,0.898139664366604,BULL-LEAN
2023-06-05,10,ALL-ALIGN BULL,0.027697330031184464,0.041142635871538324,0.8691045695216504,4.276413975588711,BULL-LEAN
2023-06-07,9,ALL-ALIGN BULL,-0.49048402255640333,0.1575316131237292,0.696610133287745,4.116648154477098,BULL-LEAN
2023-06-13,9,ALL-ALIGN BULL,0.2123834228727528,0.5372365577322125,0.5409766431664575,3.569911546979476,BULL-LEAN
2023-06-16,13,ALL-ALIGN BULL,-0.37474768936576197,-0.852544353553597,2.637575693190275,4.703335812174658,BULL-LEAN
2023-06-20,14,ALL-ALIGN BULL,0.21337428985952478,0.0037200996986674895,3.0919342924104587,5.40185048387869,BULL-LEAN
2023-06-27,10,ALL-ALIGN BULL,0.8221114500408966,3.088099312338577,3.01263724000127,5.106444035839153,BULL-LEAN
2023-07-11,12,ALL-ALIGN BULL,-0.283444962293089,1.593927796125394,1.240779036389994,0.6762039980657608,BULL-LEAN
2023-07-13,10,ALL-ALIGN BULL,0.7765114931427508,2.9123688107655754,1.2679157813405562,0.666280342540726,BULL-LEAN
2023-07-14,14,ALL-ALIGN BULL,0.7511053183061112,0.9225893838329613,0.41682639474558414,-0.6961588591581691,BULL-LEAN
2023-07-19,14,TOP-WARNING,0.7361412584486082,-0.2765571782596399,-1.545896642742084,-2.3591814714253756,BEAR/AVOID
2023-07-26,10,ALL-ALIGN BULL,-0.5986358787155477,-1.2728596492115107,-0.736918744280346,-1.9799477204815341,BULL-LEAN
2023-07-31,11,ALL-ALIGN BULL,-0.10251192175683155,-0.7922526298737465,-1.6161447417712083,-2.0813716854478526,BULL-LEAN
2023-08-04,11,BEAR,0.4114361838397196,-0.4544755853871041,-0.6322693036839744,0.060460111697491214,BEAR/AVOID
2023-08-09,14,EARLY-UP,-0.45562089489139534,-1.361514423750354,-1.2522570934493937,0.48134348314405884,BULL-LEAN
2023-08-16,12,BEAR,-0.5124582584125403,-0.10788594913948568,-0.6039044438736152,3.1081428204469574,BEAR/AVOID
2023-08-21,9,BEAR,0.014695569672484865,-0.451437587657777,0.6971371999010101,3.8141448725352634,BEAR/AVOID
2023-08-29,10,CHOP-DOWN,0.024815627641494586,1.200714483279186,3.3632930337880174,1.932517002582368,CHOP
2023-09-01,12,CHOP-DOWN,0.4810833895026123,1.9791307569216876,3.895231871903193,0.4808261256579627,CHOP
2023-09-07,10,CHOP-UP,0.4709269759036516,1.906265761986714,-0.2676527914716065,-1.0883533016847413,BULL-LEAN
2023-09-25,14,CHOP-MID,-0.05006467746402343,-0.741058880635137,0.0777654380913484,-2.807688104683448,CHOP
2023-09-29,10,CHOP-DOWN,-0.5578385094432758,-0.6413487929199602,0.47585585310336853,-2.844950937708457,CHOP
2023-10-05,10,CHOP-DOWN,0.5512707366051472,1.2700970799278677,0.4039241267283167,-1.6123709757875804,CHOP
2023-10-10,10,CHOP-DOWN,0.6170692006287615,0.6178310144566934,-2.883211400797858,-1.2511522434147437,CHOP
2023-10-17,10,CHOP-UP,-0.7086793024253635,-3.4795447088811993,-4.150871968301228,-0.23370264745223857,BULL-LEAN
2023-10-27,10,WEAK,0.49167202614550654,0.9626061504941497,1.9850634606045414,4.422948194621279,BEAR/AVOID
2023-11-02,9,BEAR,0.5088001254360819,1.3696052683156212,3.1283237296329647,8.11963466739838,BEAR/AVOID
2023-11-15,9,CHOP-MID,0.45615220998758144,0.693249709663557,2.326249209039699,7.6605617660587155,CHOP
2023-11-28,13,STRONG-FLOW,1.04023690653956,4.853768533462022,5.111690975731165,8.87419116427095,BULL-LEAN
2023-12-14,9,TOP-WARNING,1.2932723401643864,0.34155230447487916,2.590321347137059,3.360525334353026,BEAR/AVOID
2023-12-26,9,TOP-WARNING,0.9952731521102987,1.0468090861816215,0.48271214265893647,0.058764956497614484,BEAR/AVOID
2024-01-04,12,ALL-ALIGN BULL,0.2410128078453866,-0.05263498102369146,-0.9065682915793238,0.522194416998345,BULL-LEAN
2024-01-09,11,ALL-ALIGN BULL,0.3427733309816494,2.2624896436967523,-0.4219105725962291,0.8034402653070316,BULL-LEAN
2024-01-11,9,ALL-ALIGN BULL,1.142642004508665,-0.8543830148933895,0.4176059721349601,-0.1438985180531538,BULL-LEAN
2024-01-19,12,BEAR,-1.774086132899222,-0.46387080065118935,1.4198238863400992,2.6571980908687287,BEAR/AVOID
2024-01-24,14,BEAR,-0.472407179097567,1.134989127876218,1.230542627348341,3.5587852120471997,BEAR/AVOID
2024-02-02,9,CHOP-DOWN,-0.3756783717248191,-0.3262590487695505,0.8552288389204632,2.219064876588961,CHOP
2024-02-07,9,CHOP-MID,-0.9691981486970147,-0.41243929686965997,0.5679305077403551,2.47851166184081,CHOP
2024-02-13,12,CHOP-DOWN,0.44519563542708696,2.086624584641217,2.09306336449242,1.170248237958904,CHOP
2024-02-14,12,CHOP-DOWN,0.32371720760713263,0.9844299807005852,0.5086984690969132,1.4038429399200192,CHOP
2024-02-23,10,CHOP-UP,-0.4080998707946426,0.567468160106599,0.5400063927393006,-0.9364012479347372,BULL-LEAN
2024-02-28,9,CHOP-UP,0.14418378991531977,2.382107543340539,0.8906139313885619,2.327212925063149,BULL-LEAN
2024-03-01,9,CHOP-DOWN,0.29925577751663823,-0.027306809915494945,-1.2670807453416089,0.4292988640814732,CHOP
2024-03-07,9,CHOP-UP,-0.7153161684127163,-2.0903770191899484,-1.7640612531147792,0.6633012574715824,BULL-LEAN
2024-03-18,11,CHOP-DOWN,-1.080219625765677,-0.23123274255634207,1.7181499567005432,0.4139519489293031,CHOP
2024-03-20,12,CHOP-DOWN,0.7914703444739102,2.2336085278239715,3.0889551309349006,2.4218030962814385,CHOP
2024-03-27,9,CHOP-DOWN,0.9187001240753778,1.7673394760810313,1.788809712683026,2.34929588924071,CHOP
2024-04-08,9,CHOP-UP,-0.10389873953843276,-2.287095820667673,-1.1642835398807838,-3.127109409122797,BULL-LEAN
2024-04-18,11,CHOP-DOWN,0.6871750807538657,2.6118563274435846,2.1822298297178744,2.1379032863017233,CHOP
2024-04-19,13,CHOP-DOWN,0.8551948345148386,1.2324468325281002,1.3351695489230986,1.7250643428003753,CHOP
2024-04-29,12,CHOP-MID,-0.17024828426828176,-1.5055159560843356,-1.8793555738096046,0.27071906162501325,CHOP
2024-05-08,14,CHOP-MID,-1.546911781190452,-0.4571236408474455,2.9824010761125397,2.32664499495574,CHOP
2024-05-13,11,CHOP-DOWN,0.5148377785971325,1.9227245685745409,3.547313727574819,5.251526304003118,CHOP
2024-05-16,14,CHOP-DOWN,0.2778540295529597,2.4694416361473515,0.5661973276914534,4.73914081731488,CHOP
2024-05-22,14,CHOP-UP,1.6366637460283773,0.4730548991494832,0.09978847498428589,4.28891308003434,BULL-LEAN
2024-06-03,9,CHOP-MID,-5.929358362097503,-0.020202975425442915,1.2637605904427085,3.6964997270448885,CHOP
2024-06-05,13,CHOP-DOWN,0.8888014553267487,3.106052735700393,4.184948508754283,7.434898222176067,CHOP
2024-06-25,9,CHOP-UP,0.6218040326626317,1.6969980565989085,3.001100276966273,2.9180525519259204,BULL-LEAN
2024-07-03,12,CHOP-UP,0.06443909167646034,0.156259650423074,2.117843246247908,2.9827270294196406,BULL-LEAN
2024-07-04,9,CHOP-UP,0.08929251115641357,0.05678509926076991,0.941274743181153,1.7099310143341206,BULL-LEAN
2024-07-09,11,TOP-WARNING,-0.4450911055449147,0.7358839611675938,-0.08062799796997311,-0.5553918438845562,BEAR/AVOID
2024-07-12,9,CHOP-UP,0.3450717590089081,0.02897704895283848,1.3629416194088861,-0.6332097387372171,BULL-LEAN
2024-07-18,13,TOP-WARNING,-1.0884707580586794,-1.5916793174427513,0.8469467780338302,-1.0471415294233788,BEAR/AVOID
2024-07-25,12,CHOP-DOWN,1.7567329479105664,2.478069007338335,-1.184539930591122,1.7087941129471762,CHOP
2024-08-07,10,CHOP-DOWN,-0.7428747813561065,-0.6327811503241021,2.115443975717657,3.48842473505504,CHOP
2024-08-16,10,CHOP-DOWN,0.1283558431450782,1.149090405298847,2.8309594293665974,3.322378943122062,CHOP
2024-08-22,9,CHOP-UP,0.04695403341192783,1.3721459806944392,1.3445378151260456,2.4355641537190387,BULL-LEAN
2024-08-26,10,CHOP-UP,0.028587878739427808,1.0719454951100715,-0.29667421013489514,3.71222601616914,BULL-LEAN
2024-08-30,10,CHOP-UP,0.16959965763059248,-1.520651135881823,0.47789062407126437,3.7369382506666993,BULL-LEAN
2024-09-10,9,CHOP-DOWN,-0.48979477738596566,1.507321962693342,3.591295909524761,-0.23621166801777171,CHOP
2024-09-20,9,CHOP-UP,0.5742324342453475,1.5044036764834123,-3.8587178835987057,-3.9155207543731474,BULL-LEAN
2024-09-26,13,TOP-WARNING,-0.14151636116043198,-4.582879571865329,-4.774937490583053,-7.76337396365967,BEAR/AVOID
2024-10-08,11,BEAR,-0.12473438971101203,0.17670705209058557,-2.1630622292674206,-3.1977180003318395,BEAR/AVOID
2024-10-18,13,WEAK,-0.2935135319998228,-2.708814056461628,-2.21171197450718,-5.633890653635931,BEAR/AVOID
2024-10-28,9,PANIC,0.524669103070563,-1.4125390574444951,-0.8128878781715976,-0.2639779943013676,BEAR/AVOID
2024-11-05,13,PANIC,1.1181871120417242,-1.3622678445317171,-3.5658088736355564,2.044744004328214,BEAR/AVOID
2024-11-11,10,BEAR,-1.0680866399075395,-2.5798113606143813,0.5534084742743861,2.073210639029388,BEAR/AVOID
2024-11-18,12,PANIC,0.2758614808687776,3.158123630285936,4.277984804168211,3.761437379017485,BEAR/AVOID
2024-11-22,9,PANIC,1.3161279528176584,0.9363268464587016,3.223080864591288,-1.3374603938135943,BEAR/AVOID
2024-12-02,13,BEAR,0.7460027475639563,1.4127092339981218,1.6155840839016333,-2.6002994721134653,BEAR/AVOID
2024-12-05,12,ALL-ALIGN BULL,-0.12384452251057443,-0.6463388968933725,-3.0625212478347486,-2.847816936750258,BULL-LEAN
2024-12-13,13,CHOP-UP,-0.4039437506813126,-4.767384115986961,-4.535636277015365,-6.792351513830175,BULL-LEAN
2024-12-23,11,WEAK,-0.10861580107310864,-0.4574072397904416,-0.19176161778604595,-3.0681858845767684,BEAR/AVOID
2025-01-01,10,BEAR,1.8774033500541298,-0.22722582329876007,-2.2309827358915735,-2.441993185331204,BEAR/AVOID
2025-01-14,14,PANIC,0.16029478707546563,-0.65326058582027,-0.9440780460863607,0.8869069578293143,BEAR/AVOID
2025-01-23,9,BEAR,-0.4876030742910431,0.19025785002166895,2.115675910942949,-1.1740827007564958,BEAR/AVOID
2025-01-28,12,PANIC,0.8966666303673154,1.7589214736085435,1.8484356793605494,-1.759357065850664,BEAR/AVOID
2025-02-04,11,BEAR,-0.18092399717767327,-2.8115884031719607,-3.344461177164404,-5.905620438724901,BEAR/AVOID
2025-02-13,9,CHOP-DOWN,-0.4435249268390229,-0.5134294919110438,-3.9367993261373635,-2.2692932257700416,CHOP
2025-02-17,13,CHOP-DOWN,-0.06184803676038131,-1.7689845162133344,-3.819116269953604,-0.2260502188636604,CHOP
2025-02-25,13,WEAK,-0.011087679149179852,-0.9324738164456892,-0.34172227137759803,4.631988841359713,BEAR/AVOID
2025-03-04,10,PANIC,1.1531677583985545,1.8804355455527277,3.7357382379379134,5.286729627105435,BEAR/AVOID
2025-03-17,11,BEAR,1.4463264286110888,5.107347142777807,2.9186427500416556,5.966124285000274,BEAR/AVOID
2025-04-03,9,EARLY-UP,-1.4866602724289302,-1.8131104812452392,3.944714216282952,5.007720396901538,BULL-LEAN
2025-04-08,11,WEAK,-0.6065890569914023,5.838697009431648,6.671592152059946,10.600221424973988,BEAR/AVOID
2025-04-28,12,CHOP-UP,0.030622520911682827,0.210041720615739,1.0269848120517011,2.045748813120407,BULL-LEAN
2025-05-05,10,STRONG-FLOW,-0.333385797478869,1.8950458175515106,1.9798742086941878,1.0443090369831154,BULL-LEAN
2025-05-12,9,CHOP-DOWN,-1.3895854313191403,0.0832507512628089,0.3067238522429516,0.7161570650800142,CHOP
2025-05-15,13,STRONG-FLOW,-0.16878074862042292,-1.8051160916283893,-0.9117352496399,-0.6938764109950757,BULL-LEAN
2025-05-23,10,CHOP-DOWN,0.5954979549875894,-0.412221388435674,0.6031428611664724,1.0431273299360333,CHOP
2025-05-29,14,CHOP-DOWN,-0.333821918690802,-0.3330165582114408,0.21986341086270844,2.8807744346369457,CHOP
2025-05-30,13,CHOP-DOWN,-0.13777388114276645,1.0195671233540704,-0.12969330160359505,3.5841410545964347,CHOP
2025-06-04,13,CHOP-DOWN,0.5308648995540288,2.1169608695299047,0.7792381865297626,3.3842129633390394,CHOP
2025-06-16,12,CHOP-DOWN,-0.37319864510051426,0.10181789028520516,2.287094381977428,0.5443649409736739,CHOP
2025-06-19,11,CHOP-DOWN,1.287245520454161,3.0482086858318214,2.4686154497695956,1.2834138323938982,CHOP
2025-06-20,9,CHOP-DOWN,-0.5594845574297902,2.092193498032846,1.3881588378649612,-0.573421895159365,CHOP
2025-07-07,13,STRONG-FLOW,0.2403647889149374,-1.4885335784111553,-1.4555423328738049,-2.900676713286432,BULL-LEAN
2025-07-15,10,CHOP-DOWN,0.06449487613013893,-0.5354066947665825,-1.4871526206748809,-2.8115797077290616,CHOP
2025-07-21,11,CHOP-DOWN,-0.11876910568456855,-1.6332744801858867,-1.4664796119677859,-0.4386087275364936,CHOP
2025-07-29,13,WEAK,0.13677878901419138,-0.691145839628382,-1.3444206743456033,-1.2900314651647093,BEAR/AVOID
2025-08-04,13,WEAK,-0.296083566755323,-0.5569768735274261,1.0431687413414936,-0.031145402513876874,BEAR/AVOID
2025-08-05,14,CHOP-DOWN,-0.3056850936426825,-0.6578213395376342,1.6268045461276248,0.34381966405065967,CHOP
2025-08-06,12,BEAR,0.08932132073475874,0.18372927704664033,2.073516126669439,0.6787606514149003,BEAR/AVOID
2025-08-07,14,BEAR,-0.9466928767307148,0.1429085446299494,1.113792199185637,0.7196248193314769,BEAR/AVOID
2025-08-11,10,PANIC,-0.3971926028216277,1.609107974155033,0.5165740968596788,1.5783982542235897,BEAR/AVOID
2025-08-21,9,ALL-ALIGN BULL,-0.85174664872677,-2.618826929785223,-1.3664224846763329,0.9699506652713463,BULL-LEAN
2025-09-01,10,CHOP-DOWN,-0.1845681531611132,0.6014200986393936,1.8036511600991734,0.03999991878189668,CHOP
2025-09-05,14,CHOP-MID,0.12994624307829383,1.5076189321369338,2.36874014793258,1.360696819045315,CHOP
2025-09-16,13,CHOP-UP,0.36114599965926253,-0.27576260643207284,-2.4882028281515534,0.33459988668376184,BULL-LEAN
2025-09-30,10,CHOP-DOWN,0.9150342731531813,1.7676983149879755,2.8948320066961797,5.147067786486592,CHOP
2025-10-10,9,CHOP-UP,-0.2293818357270161,1.6788377459675319,2.692072682403057,1.6199103433411244,BULL-LEAN
2025-10-15,11,CHOP-UP,1.0336228530360092,2.2423791293084916,2.1888716234493177,2.3160259916164883,BULL-LEAN
2025-10-29,11,ALL-ALIGN BULL,-0.6757145763206407,-2.0887467903077828,-0.6707249202614562,0.6204445399728975,BULL-LEAN
2025-11-07,13,CHOP-DOWN,0.32186189555276634,1.6387301263518728,2.2589173985870348,2.7229790956484923,CHOP
2025-11-17,12,CHOP-UP,-0.39748668477268545,-0.20739271415364247,0.6239080168143785,0.05324168843423571,BULL-LEAN
2025-11-19,13,CHOP-UP,0.5354541668505908,0.5859288786361327,-0.2558281019397368,-0.8985650212166574,BULL-LEAN
2025-11-26,11,CHOP-MID,0.039114224985015156,-0.8368536135819782,-1.7069066181268688,-0.241172587224725,CHOP
2025-12-01,9,STRONG-FLOW,-0.5484083550614582,-0.8221349913565046,-0.5671279715003363,-0.905036149871552,BULL-LEAN
2025-12-04,10,CHOP-DOWN,0.586546310078262,-0.5193258750660235,-0.838142795409802,1.132376242377675,CHOP
2025-12-11,11,CHOP-DOWN,0.5730050524064056,-0.32048126246450037,0.5550503792683292,-0.831127611391369,CHOP
2025-12-18,11,CHOP-DOWN,0.5843377344275202,0.8783465779346189,1.9871743968267186,-0.8911295711305778,CHOP
2025-12-19,9,CHOP-DOWN,0.7933329225460639,-0.09358247581491286,1.0933360034506068,-2.8263448148376447,CHOP
2025-12-31,10,CHOP-MID,0.06486896087196659,0.042671912314018456,-1.775763884636583,-3.0959142122343852,CHOP
2026-01-12,14,CHOP-DOWN,-0.2246973177848277,-2.162638981785747,-1.735151850020844,0.6343482517618071,CHOP
2026-01-22,10,WEAK,-0.9539381334050301,0.1215900418744198,1.59668484256561,1.1124994563046942,BEAR/AVOID
2026-01-27,11,WEAK,0.6647362107454091,2.193212421649693,3.017826926285183,0.9900537826608602,BEAR/AVOID
2026-02-03,9,BEAR,0.1883195251782599,0.80691709859666,-0.008356800394904162,-4.847138573241527,BEAR/AVOID
2026-02-09,10,CHOP-UP,0.2623002787302875,-0.7134490263769333,-0.5965060133836908,-6.2074511062229165,BULL-LEAN
2026-02-17,9,CHOP-MID,0.36520326214557475,-1.1690780318284633,-4.839186173975918,-7.570727763222351,CHOP
2026-02-23,9,CHOP-MID,-1.121417181970208,-3.295220316571379,-5.644615564111543,-10.891766810562743,CHOP
2026-02-25,10,CHOP-DOWN,0.0551358775630284,-2.812125968802115,-7.233787893652499,-10.44991660943786,CHOP
2026-02-26,9,CHOP-MID,-1.2468353561560175,-4.102908040499587,-9.199087719711097,-12.414032486748194,CHOP
2026-03-05,10,WEAK,-1.2737271813259343,-4.549602477600246,-7.121687481577488,-6.631093560096746,BEAR/AVOID
2026-03-10,10,PANIC,-1.6270567481122433,-2.804637781514807,-5.561051208494073,-0.8696870775216858,BEAR/AVOID
2026-03-16,13,PANIC,0.7362615768429004,-3.8282611667406985,-3.1159222172857937,4.0358753972864925,BEAR/AVOID
2026-03-24,11,PANIC,1.7198111066496713,-0.869834674673986,4.967615788830493,5.151359089401364,BEAR/AVOID
2026-04-01,11,PANIC,0.14859299628737777,4.831256558815467,7.3818090425672445,6.348933393299627,BEAR/AVOID
2026-04-02,13,BEAR,1.123360527625028,5.888672175968934,7.272234965724622,5.810303305141096,BEAR/AVOID
2026-04-15,12,BEAR,-0.14258417831481962,0.605827999323183,-0.2214078485264781,-2.235538332652398,BEAR/AVOID
2026-04-20,11,BEAR,0.8690798424779933,-1.1169779415838743,-1.3628239041077572,-3.0652764125369103,BEAR/AVOID
2026-04-21,13,CHOP-UP,-0.8076788489864373,-2.363630445220244,-0.9995280063149425,-3.733632805188669,BULL-LEAN
2026-04-27,12,CHOP-MID,-0.40261157944107007,-0.2486230268919698,-2.960025235859831,-0.7429636362881742,CHOP
2026-05-04,9,CHOP-MID,-0.3586339570385566,-1.2581210897497086,-1.9459519969484917,-2.6358559328007014,CHOP
2026-05-05,14,CHOP-UP,1.2405961852135494,-2.718160181085849,-1.7259745015145933,-2.6097666522419405,BULL-LEAN
2026-05-14,10,CHOP-DOWN,-0.1946001620964366,-0.14732203160879864,-0.5987859651492622,-0.28155815210049173,CHOP
2026-05-18,12,CHOP-DOWN,-0.13509542303472566,1.6141683174805799,-0.7035955678553307,1.4342525037050802,CHOP
2026-05-20,13,CHOP-DOWN,-0.018174901728729154,1.0488608986009673,-1.0247685870070633,2.1514011581216463,CHOP
2026-06-03,13,CHOP-DOWN,0.04678367570154496,-0.8145486550227177,2.905714871654652,3.290238233585141,CHOP
2026-06-09,12,WEAK,-0.11681388514805935,3.214210419884611,2.5040766540028736,2.7534086851016104,BEAR/AVOID
2026-06-25,9,CHOP-UP,-0.4562271366810755,0.8931243764549235,0.6272863318922628,-1.1994928500166258,BULL-LEAN
2026-07-01,11,CHOP-MID,0.7075358714646818,-0.5157076295986163,0.30263456615784445,1.0178768925074522,CHOP
2026-07-10,11,CHOP-MID,0.016937319524590322,0.5262962213253175,-1.8153914792889636,1.5026707261152739,CHOP
2026-07-15,10,CHOP-MID,-0.023880225097083763,-0.3415910459538596,0.7130842868118936,1.48451938451315,CHOP
2026-07-16,10,CHOP-MID,1.0864982189404904,-0.8439002606681845,1.0152558390711608,1.3421815122908631,CHOP
2026-07-17,9,CHOP-DOWN,-0.39368299067571444,-2.3294280090242925,0.2025946914437693,0.13026879754092224,CHOP
