Date,Driver,Category,Title,Impact,Note
2015-01-06,Global,Global Crash,"Global growth scare, China PMI slump",-3.00%,Sensex -3.07%
2015-01-15,RBI,RBI Rally,RBI Surprise cut 25bps to 7.75% - Rajan,+2.63% (+217 pts) to 8463,Bank Nifty ATH 19410
2015-02-28,Budget,Budget,"Union Budget FY15-16 - GAAR defer, Corp tax 30->25%",+0.65% to 8901,Saturday budget
2015-03-04,RBI,RBI,"RBI 2nd unscheduled cut to 7.5%, Sensex 30k cross",-0.82% to 8922,Profit booking after ATH 9122
2015-06-02,RBI,RBI Crash,RBI 25bps to 7.25% hawkish on monsoon,-2.34%,Monsoon fears
2015-08-24,Global,Global Crash,"Black Monday - China Shanghai -8.49%, Yuan deval",-5.92% to 7809,"Rs 7L cr wealth wiped, 1624 pts Sensex crash"
2015-09-29,RBI,RBI Rally,RBI 50bps cut to 6.75% - 4th cut in year,+0.6%,Total 125bps cut in 2015
2015-12-16,Global,Global,US Fed first hike in 9 years 0.25%,-0.5%,FII outflow start
2016-02-11,Global,Global Crash,Global selloff fear,-3.32%,Sensex -3.4%
2016-02-29,Budget,Budget,Budget 2016 - Deficit 3.5% target,-0.6% to 6987,"11-year worst budget day, bottom 6825 made same week"
2016-06-24,Global,Global Crash,Brexit Leave vote,"-2.2% to 8088, intraday -3.62%",Sensex -1000 pts intraday
2016-08-03,Politics,Political Rally,GST Bill passed in Rajya Sabha,+2.2% +184 pts to 8650,GST hope rally
2016-11-08,Politics,Political Crash,Demonetisation announced,-1.3% then -4% next 2 days,Cash ban
2017-07-01,Politics,Political,GST implemented,Flat,Consumption rally starts
2017-12-31,Market,Year End,Nifty yearly close 10500 - 28% up year,+28.6% year,Best year since 2009
2018-02-01,Budget,Budget,Budget 2018 LTCG 10% re-introduced,"-0.10% to 11016, intraday -2.2%",Long term capital gains shock
2018-02-05,Global,Global Crash,"US Dow -1175 worst day, bond yield spike",-2.2%,Fiscal slippage fears
2018-09-21,Corporate,Credit Crisis,IL&FS/DHFL NBFC contagion - DHFL -42%,-2.7%,Sensex -1500 intraday
2018-10-26,Market,Bottom,Nifty low 10004 -15% from ATH 11760,-15% from top,Crude $86 to $50 fall helps recovery
2019-02-01,Budget,Budget,"Interim Budget 2019 PM-KISAN, tax rebate",+0.58%,Populist budget
2019-05-23,Politics,Political Rally,Lok Sabha BJP 303 seats Modi 2.0,+0.76% ATH 12103,Sell on news same day
2019-07-05,Budget,Budget,"Budget FPI surcharge, super-rich tax","-1.14% to 11724, July -6% to 10782",FPI fear
2019-09-20,Market,Rally,Corporate tax cut 30% to 22% - HISTORIC,+5.32% +569 pts to 11274,"Biggest 1-day in 10 years, Sensex +1921"
2020-02-01,Budget,Budget,Budget 2020 Saturday - DDT abolished,-2.5%,No stimulus
2020-03-12,Market,Crash,Covid Black Thursday,"-8.3% circuit, Sensex -2919",Global panic
2020-03-23,Market,Crash Bottom,Covid Bottom Nifty 7511,-13% intraday,All time panic low
2020-03-27,RBI,RBI Rally,RBI emergency 75bps cut + moratorium,+6% recovery start,Bull run start
2020-11-09,Global,Global Rally,Pfizer vaccine 90% effective,+1% to 12500+,FII buying starts
2021-02-01,Budget,Budget Rally,Budget 2021 'like never before' CapEx +34.5%,+4.74% +646 pts to 14281,Best budget day in 22 years
2021-04-12,Market,Crash,2nd wave crash - lockdown fears,-3.5% to 14310,VIX +16%
2021-10-19,Market,ATH,Nifty lifetime high 18604 - 42 ATHs May-Oct,+24% YTD,Post-covid bull peak
2021-11-26,Global,Crash,Omicron Black Friday,-2.91% to 17026,Global de-risking
2022-02-01,Budget,Budget,"Budget 2022 CapEx focus, 5G",+1.37% to 17576,Pro-growth
2022-02-24,Global,War Crash,Russia invades Ukraine,-4.8% -815 pts,"Brent >$100, worst since 2020"
2022-05-04,RBI,RBI Crash,RBI surprise off-cycle +40bps to 4.40%,-2.29% -391 pts to 16677,Pre-empt Fed
2022-06-17,Market,Bottom,Nifty 2022 bottom 15183,War + Fed bottom,-18% from top
2022-10-31,Market,Rally,Diwali rally to 18000+,+1.5%,FII return
2023-01-24,Corporate,Crash,Hindenburg Adani report,-1.5%,Adani -50% in days
2023-03-20,Global,Global,SVB banking crisis US,-1% to 16800,US banks fear
2023-06-27,Market,Rally,Nifty crosses 19000 first time,+0.8%,Bull run
2023-12-07,Market,ATH,Nifty crosses 21000 year end,+1.2%,Year end rally
2024-02-01,Budget,Budget,Interim Budget fiscal 5.1% target,-0.13% to 21697,Consolidation
2024-06-03,Politics,Rally,Exit polls Modi 3rd term - rally,+3.25% +733 pts to 23263,Biggest pre-result rally since 2009
2024-06-04,Politics,Crash,Election result shock - slim majority,-5.93% -1379 pts to 21812,"$400bn wiped, PSU -16%"
2024-07-23,Budget,Budget Crash,Full Budget LTCG 10->12.5% STCG 15->20% STT hike,-0.12% intraday -1% to 24074,Market sour
2024-09-18,Global,Rally,US Fed 50bps cut first in 4 years,+2.1% in 3 sessions +544 pts,Risk-on
2024-09-27,Market,ATH,Nifty ATH 26277.35 - 59 ATHs record year,ATH 26277,Beating 2021 record
2024-10-01,Market,Correction,FII selling correction starts,-1% daily selling,12-16% fall starts
2025-01-31,Market,Crash,4-month losing streak worst since 2001,-1% to 23508,Worst Jan in decade
2025-02-01,Budget,Budget,Budget 2025 Saturday flat close,-0.11% to 23482,Capex disappointment
2025-02-07,RBI,RBI Rally,RBI first cut in 5 years 6.50->6.25% - Sanjay Malhotra,+0.5%,Growth support
2025-04-07,Global,Global Crash,Trump reciprocal tariffs crash,-5% gap down,Trade war fear
2026-03-10,Market,Bottom,March 2026 panic bottom 22200 - your chart low,-15% from top,Major support - your W chart
2026-06-05,RBI,RBI MPC,"RBI MPC: repo held 5.25%, GDP FY27 cut to 6.6%, infl 5.1%",,Round-trip non-event day
2026-06-12,Global,Geopolitics,US cancelled Iran strikes,,+2.03% (+470 pts) trend-up day
2026-06-17,Global,FOMC,"FOMC held 3.50-3.75% but hawkish dot-flip, easing bias stripped, DXY broke 100",,Hawkish overhang
2026-06-19,Corporate,Earnings guide,Accenture cut FY27 guide - Nifty IT -3.65%,,IT selloff day
2026-06-23,Macro,Macro data,India Flash PMI services 17-mo low + VIX +8.56%,,Trend-down day
2026-09-01,Market,Current,Current 24055 -8% YTD consolidation 23600-24800,-0.10% to 24055,Sideways per your D chart
